2026-09-22 17:22:15 [INFO] [core.logging_setup]: 📁 Log persistente ativo em /app/logs/backend.log
2026-09-22 17:23:05 [INFO] [core.logging_setup]: 📁 Log persistente ativo em /app/logs/backend.log
2026-09-22 17:23:11 [WARNING] [api.main]: ⚠️ session_analysis não encontrado.
2026-09-22 17:23:37 [INFO] [core.logging_setup]: 📁 Log persistente ativo em /app/logs/backend.log
2026-09-22 17:23:46 [WARNING] [api.main]: ⚠️ session_analysis não encontrado.
2026-09-22 17:23:50 [INFO] [database]: 🧪 Modo de teste detectado. Pulando init_db.
2026-09-22 17:24:16 [INFO] [core.logging_setup]: 📁 Log persistente ativo em /app/logs/backend.log
2026-09-22 17:24:24 [WARNING] [api.main]: ⚠️ session_analysis não encontrado.
2026-09-22 17:24:29 [ERROR] [sqlalchemy.pool.impl.AsyncAdaptedQueuePool]: Exception terminating connection <AdaptedConnection <asyncpg.connection.Connection object at 0x7437ca59ad40>>
Traceback (most recent call last):
  File "/usr/local/lib/python3.11/site-packages/sqlalchemy/pool/base.py", line 374, in _close_connection
    self._dialect.do_terminate(connection)
  File "/usr/local/lib/python3.11/site-packages/sqlalchemy/dialects/postgresql/asyncpg.py", line 1130, in do_terminate
    dbapi_connection.terminate()
  File "/usr/local/lib/python3.11/site-packages/sqlalchemy/dialects/postgresql/asyncpg.py", line 907, in terminate
    self.await_(asyncio.shield(self._connection.close(timeout=2)))
  File "/usr/local/lib/python3.11/site-packages/sqlalchemy/util/_concurrency_py3k.py", line 132, in await_only
    return current.parent.switch(awaitable)  # type: ignore[no-any-return,attr-defined] # noqa: E501
           ^^^^^^^^^^^^^^^^^^^^^^^^^^^^^^^^
  File "/usr/local/lib/python3.11/site-packages/sqlalchemy/util/_concurrency_py3k.py", line 196, in greenlet_spawn
    value = await result
            ^^^^^^^^^^^^
  File "/usr/local/lib/python3.11/site-packages/asyncpg/connection.py", line 1504, in close
    await self._protocol.close(timeout)
  File "asyncpg/protocol/protocol.pyx", line 628, in close
RuntimeError: Task <Task pending name='Task-6' coro=<Connection.close() running at /usr/local/lib/python3.11/site-packages/asyncpg/connection.py:1504> cb=[shield.<locals>._inner_done_callback() at /usr/local/lib/python3.11/asyncio/tasks.py:891]> got Future <Future pending> attached to a different loop
2026-09-22 17:24:29 [ERROR] [api.main]: ERRO GLOBAL: Task <Task pending name='anyio.from_thread.BlockingPortal._call_func' coro=<BlockingPortal._call_func() running at /usr/local/lib/python3.11/site-packages/anyio/from_thread.py:259> cb=[TaskGroup._spawn.<locals>.task_done() at /usr/local/lib/python3.11/site-packages/anyio/_backends/_asyncio.py:805]> got Future <Future pending cb=[BaseProtocol._on_waiter_completed()]> attached to a different loop
Traceback (most recent call last):
  File "/usr/local/lib/python3.11/site-packages/starlette/middleware/errors.py", line 164, in __call__
    await self.app(scope, receive, _send)
  File "/usr/local/lib/python3.11/site-packages/starlette/middleware/cors.py", line 88, in __call__
    await self.app(scope, receive, send)
  File "/usr/local/lib/python3.11/site-packages/starlette/middleware/exceptions.py", line 63, in __call__
    await wrap_app_handling_exceptions(self.app, conn)(scope, receive, send)
  File "/usr/local/lib/python3.11/site-packages/starlette/_exception_handler.py", line 53, in wrapped_app
    raise exc
  File "/usr/local/lib/python3.11/site-packages/starlette/_exception_handler.py", line 42, in wrapped_app
    await app(scope, receive, sender)
  File "/usr/local/lib/python3.11/site-packages/fastapi/middleware/asyncexitstack.py", line 18, in __call__
    await self.app(scope, receive, send)
  File "/usr/local/lib/python3.11/site-packages/starlette/routing.py", line 670, in __call__
    await self.middleware_stack(scope, receive, send)
  File "/usr/local/lib/python3.11/site-packages/fastapi/routing.py", line 2734, in app
    await route.handle(scope, receive, send)
  File "/usr/local/lib/python3.11/site-packages/fastapi/routing.py", line 1780, in handle
    await self.original_router.handle(scope, receive, send)
  File "/usr/local/lib/python3.11/site-packages/fastapi/routing.py", line 2789, in handle
    await included_router._handle_selected(scope, receive, send)
  File "/usr/local/lib/python3.11/site-packages/fastapi/routing.py", line 1800, in _handle_selected
    await original_route.handle(scope, receive, send)
  File "/usr/local/lib/python3.11/site-packages/fastapi/routing.py", line 1279, in handle
    await app(scope, receive, send)
  File "/usr/local/lib/python3.11/site-packages/fastapi/routing.py", line 158, in app
    await wrap_app_handling_exceptions(app, request)(scope, receive, send)
  File "/usr/local/lib/python3.11/site-packages/starlette/_exception_handler.py", line 53, in wrapped_app
    raise exc
  File "/usr/local/lib/python3.11/site-packages/starlette/_exception_handler.py", line 42, in wrapped_app
    await app(scope, receive, sender)
  File "/usr/local/lib/python3.11/site-packages/fastapi/routing.py", line 144, in app
    response = await f(request)
               ^^^^^^^^^^^^^^^^
  File "/usr/local/lib/python3.11/site-packages/fastapi/routing.py", line 706, in app
    raw_response = await run_endpoint_function(
                   ^^^^^^^^^^^^^^^^^^^^^^^^^^^^
  File "/usr/local/lib/python3.11/site-packages/fastapi/routing.py", line 352, in run_endpoint_function
    return await dependant.call(**values)
           ^^^^^^^^^^^^^^^^^^^^^^^^^^^^^^
  File "/app/webhooks/receiver.py", line 590, in receive_memory_webhook
    result = await db.execute(select(WebhookConfigModel).where(WebhookConfigModel.memory_token == token, WebhookConfigModel.is_active == True))
             ^^^^^^^^^^^^^^^^^^^^^^^^^^^^^^^^^^^^^^^^^^^^^^^^^^^^^^^^^^^^^^^^^^^^^^^^^^^^^^^^^^^^^^^^^^^^^^^^^^^^^^^^^^^^^^^^^^^^^^^^^^^^^^^^^^
  File "/usr/local/lib/python3.11/site-packages/sqlalchemy/ext/asyncio/session.py", line 463, in execute
    result = await greenlet_spawn(
             ^^^^^^^^^^^^^^^^^^^^^
  File "/usr/local/lib/python3.11/site-packages/sqlalchemy/util/_concurrency_py3k.py", line 201, in greenlet_spawn
    result = context.throw(*sys.exc_info())
             ^^^^^^^^^^^^^^^^^^^^^^^^^^^^^^
  File "/usr/local/lib/python3.11/site-packages/sqlalchemy/orm/session.py", line 2365, in execute
    return self._execute_internal(
           ^^^^^^^^^^^^^^^^^^^^^^^
  File "/usr/local/lib/python3.11/site-packages/sqlalchemy/orm/session.py", line 2241, in _execute_internal
    conn = self._connection_for_bind(bind)
           ^^^^^^^^^^^^^^^^^^^^^^^^^^^^^^^
  File "/usr/local/lib/python3.11/site-packages/sqlalchemy/orm/session.py", line 2110, in _connection_for_bind
    return trans._connection_for_bind(engine, execution_options)
           ^^^^^^^^^^^^^^^^^^^^^^^^^^^^^^^^^^^^^^^^^^^^^^^^^^^^^
  File "<string>", line 2, in _connection_for_bind
  File "/usr/local/lib/python3.11/site-packages/sqlalchemy/orm/state_changes.py", line 139, in _go
    ret_value = fn(self, *arg, **kw)
                ^^^^^^^^^^^^^^^^^^^^
  File "/usr/local/lib/python3.11/site-packages/sqlalchemy/orm/session.py", line 1189, in _connection_for_bind
    conn = bind.connect()
           ^^^^^^^^^^^^^^
  File "/usr/local/lib/python3.11/site-packages/sqlalchemy/engine/base.py", line 3274, in connect
    return self._connection_cls(self)
           ^^^^^^^^^^^^^^^^^^^^^^^^^^
  File "/usr/local/lib/python3.11/site-packages/sqlalchemy/engine/base.py", line 146, in __init__
    self._dbapi_connection = engine.raw_connection()
                             ^^^^^^^^^^^^^^^^^^^^^^^
  File "/usr/local/lib/python3.11/site-packages/sqlalchemy/engine/base.py", line 3298, in raw_connection
    return self.pool.connect()
           ^^^^^^^^^^^^^^^^^^^
  File "/usr/local/lib/python3.11/site-packages/sqlalchemy/pool/base.py", line 449, in connect
    return _ConnectionFairy._checkout(self)
           ^^^^^^^^^^^^^^^^^^^^^^^^^^^^^^^^
  File "/usr/local/lib/python3.11/site-packages/sqlalchemy/pool/base.py", line 1362, in _checkout
    with util.safe_reraise():
  File "/usr/local/lib/python3.11/site-packages/sqlalchemy/util/langhelpers.py", line 146, in __exit__
    raise exc_value.with_traceback(exc_tb)
  File "/usr/local/lib/python3.11/site-packages/sqlalchemy/pool/base.py", line 1300, in _checkout
    result = pool._dialect._do_ping_w_event(
             ^^^^^^^^^^^^^^^^^^^^^^^^^^^^^^^
  File "/usr/local/lib/python3.11/site-packages/sqlalchemy/engine/default.py", line 717, in _do_ping_w_event
    return self.do_ping(dbapi_connection)
           ^^^^^^^^^^^^^^^^^^^^^^^^^^^^^^
  File "/usr/local/lib/python3.11/site-packages/sqlalchemy/dialects/postgresql/asyncpg.py", line 1163, in do_ping
    dbapi_connection.ping()
  File "/usr/local/lib/python3.11/site-packages/sqlalchemy/dialects/postgresql/asyncpg.py", line 813, in ping
    self._handle_exception(error)
  File "/usr/local/lib/python3.11/site-packages/sqlalchemy/dialects/postgresql/asyncpg.py", line 794, in _handle_exception
    raise error
  File "/usr/local/lib/python3.11/site-packages/sqlalchemy/dialects/postgresql/asyncpg.py", line 811, in ping
    _ = self.await_(self._async_ping())
        ^^^^^^^^^^^^^^^^^^^^^^^^^^^^^^^
  File "/usr/local/lib/python3.11/site-packages/sqlalchemy/util/_concurrency_py3k.py", line 132, in await_only
    return current.parent.switch(awaitable)  # type: ignore[no-any-return,attr-defined] # noqa: E501
           ^^^^^^^^^^^^^^^^^^^^^^^^^^^^^^^^
  File "/usr/local/lib/python3.11/site-packages/sqlalchemy/util/_concurrency_py3k.py", line 196, in greenlet_spawn
    value = await result
            ^^^^^^^^^^^^
  File "/usr/local/lib/python3.11/site-packages/sqlalchemy/dialects/postgresql/asyncpg.py", line 820, in _async_ping
    await tr.start()
  File "/usr/local/lib/python3.11/site-packages/asyncpg/transaction.py", line 146, in start
    await self._connection.execute(query)
  File "/usr/local/lib/python3.11/site-packages/asyncpg/connection.py", line 349, in execute
    result = await self._protocol.query(query, timeout)
             ^^^^^^^^^^^^^^^^^^^^^^^^^^^^^^^^^^^^^^^^^^
  File "asyncpg/protocol/protocol.pyx", line 375, in query
RuntimeError: Task <Task pending name='anyio.from_thread.BlockingPortal._call_func' coro=<BlockingPortal._call_func() running at /usr/local/lib/python3.11/site-packages/anyio/from_thread.py:259> cb=[TaskGroup._spawn.<locals>.task_done() at /usr/local/lib/python3.11/site-packages/anyio/_backends/_asyncio.py:805]> got Future <Future pending cb=[BaseProtocol._on_waiter_completed()]> attached to a different loop
2026-09-22 17:24:32 [ERROR] [asyncio]: Future exception was never retrieved
future: <Future finished exception=InternalClientError('got result for unknown protocol state 3')>
Traceback (most recent call last):
  File "asyncpg/protocol/protocol.pyx", line 903, in asyncpg.protocol.protocol.BaseProtocol._dispatch_result
asyncpg.exceptions._base.InternalClientError: got result for unknown protocol state 3
2026-09-22 17:24:42 [INFO] [core.logging_setup]: 📁 Log persistente ativo em /app/logs/backend.log
2026-09-22 17:24:48 [WARNING] [api.main]: ⚠️ session_analysis não encontrado.
2026-09-22 17:24:53 [INFO] [database]: 🧪 Modo de teste detectado. Pulando init_db.
2026-09-22 17:24:56 [INFO] [webhooks.receiver]: 📩 Webhook: Teste Template Outgoing | De: 5585998259497 | Msg: Você estava a um passo de domi... | Account: 11 | Inbox: 11 | Conv: 28018 | Contact: 5585998259497
2026-09-22 17:24:56 [INFO] [webhooks.service]: 🆕 Inserindo NOVO lead na tabela leads_c3b26fc9: 5585998259497 (is_agent=True, is_memory=False, nome=Aryaraj Fernandes)
2026-09-22 17:24:56 [INFO] [webhooks.service]: ✅ Lead 5585998259497 (ID: 1) inserido com sucesso em leads_c3b26fc9.
2026-09-22 17:24:56 [INFO] [core.websocket]: 📡 Redis conectado (Listener: False)
2026-09-22 17:24:56 [INFO] [webhooks.receiver]: ✅ Mensagem de saída (Template) gravada em webhook_events: ID 1 para 5585998259497
2026-09-22 17:24:56 [INFO] [webhooks.receiver]: 📩 Webhook: Teste Template Outgoing | De: 5585998259497 | Msg: Você estava a um passo de domi... | Account: 11 | Inbox: 11 | Conv: 28018 | Contact: 5585998259497
2026-09-22 17:24:56 [INFO] [webhook_tasks.utils]: 📍 [Pipeline Event 999999] 🧠 Memória de Contexto: Injetadas 1 interações brutas (1 mensagens) como contexto....
2026-09-22 17:25:10 [INFO] [core.logging_setup]: 📁 Log persistente ativo em /app/logs/backend.log
2026-09-22 17:25:10 [INFO] [database.sync]: ✨ Banco de dados 'ai_agent_db' já existe.
2026-09-22 17:25:10 [INFO] [database.sync]: 🔍 Iniciando auto-sincronização de schema...
2026-09-22 17:25:10 [INFO] [database.sync]: Checking table: agent_tools
2026-09-22 17:25:10 [INFO] [database.sync]: Checking table: agent_knowledge_bases
2026-09-22 17:25:10 [INFO] [database.sync]: Checking table: interaction_logs
2026-09-22 17:25:10 [INFO] [database.sync]: Checking table: session_summaries
2026-09-22 17:25:10 [INFO] [database.sync]: Checking table: knowledge_bases
2026-09-22 17:25:10 [INFO] [database.sync]: Checking table: knowledge_items
2026-09-22 17:25:10 [INFO] [database.sync]: Checking table: agent_config
2026-09-22 17:25:10 [INFO] [database.sync]: Checking table: tools
2026-09-22 17:25:10 [INFO] [database.sync]: Checking table: prompt_drafts
2026-09-22 17:25:10 [INFO] [database.sync]: Checking table: user_memory
2026-09-22 17:25:10 [INFO] [database.sync]: Checking table: feedback_logs
2026-09-22 17:25:10 [INFO] [database.sync]: Checking table: google_tokens
2026-09-22 17:25:10 [INFO] [database.sync]: Checking table: global_context_variables
2026-09-22 17:25:10 [INFO] [database.sync]: Checking table: users
2026-09-22 17:25:10 [INFO] [database.sync]: Checking table: user_invites
2026-09-22 17:25:10 [INFO] [database.sync]: Checking table: unanswered_questions
2026-09-22 17:25:10 [INFO] [database.sync]: Checking table: support_requests
2026-09-22 17:25:10 [INFO] [database.sync]: Checking table: webhook_configs
2026-09-22 17:25:10 [INFO] [database.sync]: Checking table: webhook_events
2026-09-22 17:25:10 [INFO] [database.sync]: Checking table: transcription_folders
2026-09-22 17:25:10 [INFO] [database.sync]: Checking table: transcription_tasks
2026-09-22 17:25:10 [INFO] [database.sync]: Checking table: scheduled_triggers
2026-09-22 17:25:10 [INFO] [database.sync]: Checking table: message_status
2026-09-22 17:25:10 [INFO] [database.sync]: Checking table: user_question_embeddings
2026-09-22 17:25:10 [INFO] [database.sync]: Checking table: objection_clusters
2026-09-22 17:25:10 [INFO] [database.sync]: Checking table: objection_cluster_messages
2026-09-22 17:25:10 [INFO] [database.sync]: Checking table: backup_configs
2026-09-22 17:25:10 [INFO] [database.sync]: Checking table: backup_history
2026-09-22 17:25:10 [INFO] [database.sync]: Checking table: sales
2026-09-22 17:25:10 [INFO] [database.sync]: Checking table: calendar_events
2026-09-22 17:25:10 [INFO] [database.sync]: Checking table: testimonial_categories
2026-09-22 17:25:11 [INFO] [database.sync]: Checking table: testimonials
2026-09-22 17:25:11 [INFO] [database.sync]: Checking table: sent_testimonials
2026-09-22 17:25:11 [INFO] [database.sync]: Checking table: leads
2026-09-22 17:25:11 [INFO] [database.sync]: Checking table: semantic_caches
2026-09-22 17:25:11 [INFO] [database.sync]: Checking table: question_funnels
2026-09-22 17:25:11 [INFO] [database.sync]: ✅ Sincronização de schema concluída.
2026-09-22 17:25:11 [INFO] [database]: ✅ Inicialização do banco de dados concluída com sucesso!
2026-09-22 17:25:12 [INFO] [core.logging_setup]: 📁 Log persistente ativo em /app/logs/backend.log
2026-09-22 17:25:13 [INFO] [core.logging_setup]: 📁 Log persistente ativo em /app/logs/backend.log
2026-09-22 17:25:22 [WARNING] [api.main]: ⚠️ session_analysis não encontrado.
2026-09-22 17:25:23 [INFO] [api.main]: 🚀 API Modular iniciando...
2026-09-22 17:25:23 [INFO] [database.sync]: ✨ Banco de dados 'ai_agent_db' já existe.
2026-09-22 17:25:23 [INFO] [database.sync]: 🔍 Iniciando auto-sincronização de schema...
2026-09-22 17:25:23 [INFO] [database.sync]: Checking table: agent_tools
2026-09-22 17:25:23 [INFO] [database.sync]: Checking table: agent_knowledge_bases
2026-09-22 17:25:23 [INFO] [database.sync]: Checking table: interaction_logs
2026-09-22 17:25:23 [INFO] [database.sync]: Checking table: session_summaries
2026-09-22 17:25:23 [INFO] [database.sync]: Checking table: knowledge_bases
2026-09-22 17:25:23 [INFO] [database.sync]: Checking table: knowledge_items
2026-09-22 17:25:23 [INFO] [database.sync]: Checking table: agent_config
2026-09-22 17:25:23 [INFO] [database.sync]: Checking table: tools
2026-09-22 17:25:24 [INFO] [database.sync]: Checking table: prompt_drafts
2026-09-22 17:25:24 [INFO] [database.sync]: Checking table: user_memory
2026-09-22 17:25:24 [INFO] [database.sync]: Checking table: feedback_logs
2026-09-22 17:25:24 [INFO] [database.sync]: Checking table: google_tokens
2026-09-22 17:25:24 [INFO] [database.sync]: Checking table: global_context_variables
2026-09-22 17:25:24 [INFO] [database.sync]: Checking table: users
2026-09-22 17:25:24 [INFO] [database.sync]: Checking table: user_invites
2026-09-22 17:25:24 [INFO] [database.sync]: Checking table: unanswered_questions
2026-09-22 17:25:24 [INFO] [database.sync]: Checking table: support_requests
2026-09-22 17:25:24 [INFO] [database.sync]: Checking table: webhook_configs
2026-09-22 17:25:24 [INFO] [database.sync]: Checking table: webhook_events
2026-09-22 17:25:24 [INFO] [database.sync]: Checking table: transcription_folders
2026-09-22 17:25:24 [INFO] [database.sync]: Checking table: transcription_tasks
2026-09-22 17:25:24 [INFO] [database.sync]: Checking table: scheduled_triggers
2026-09-22 17:25:24 [INFO] [database.sync]: Checking table: message_status
2026-09-22 17:25:24 [INFO] [database.sync]: Checking table: user_question_embeddings
2026-09-22 17:25:24 [INFO] [database.sync]: Checking table: objection_clusters
2026-09-22 17:25:24 [INFO] [database.sync]: Checking table: objection_cluster_messages
2026-09-22 17:25:24 [INFO] [database.sync]: Checking table: backup_configs
2026-09-22 17:25:24 [INFO] [database.sync]: Checking table: backup_history
2026-09-22 17:25:24 [INFO] [database.sync]: Checking table: sales
2026-09-22 17:25:24 [INFO] [database.sync]: Checking table: calendar_events
2026-09-22 17:25:24 [INFO] [database.sync]: Checking table: testimonial_categories
2026-09-22 17:25:24 [INFO] [database.sync]: Checking table: testimonials
2026-09-22 17:25:24 [INFO] [database.sync]: Checking table: sent_testimonials
2026-09-22 17:25:24 [INFO] [database.sync]: Checking table: leads
2026-09-22 17:25:24 [INFO] [database.sync]: Checking table: semantic_caches
2026-09-22 17:25:24 [INFO] [database.sync]: Checking table: question_funnels
2026-09-22 17:25:24 [INFO] [database.sync]: ✅ Sincronização de schema concluída.
2026-09-22 17:25:24 [INFO] [database]: ✅ Inicialização do banco de dados concluída com sucesso!
2026-09-22 17:25:24 [INFO] [api.main]: ✅ Banco de dados inicializado.
2026-09-22 17:25:24 [INFO] [core.websocket]: 📡 Redis conectado (Listener: True)
2026-09-22 17:25:24 [INFO] [core.websocket]: 👂 Listener Redis Pub/Sub iniciado.
2026-09-22 17:25:24 [INFO] [api.main]: 🧹 [JANITOR DB] Worker de monitoramento do pool ativado (intervalo: 45s).
2026-09-22 17:26:09 [INFO] [database.connection]: 🔍 [JANITOR DB] Pool Status -> Size: 25, CheckedOut: 0, Overflow: -21
2026-09-22 17:26:54 [INFO] [database.connection]: 🔍 [JANITOR DB] Pool Status -> Size: 25, CheckedOut: 0, Overflow: -21
2026-09-22 17:27:39 [INFO] [database.connection]: 🔍 [JANITOR DB] Pool Status -> Size: 25, CheckedOut: 0, Overflow: -21
2026-09-22 17:28:24 [INFO] [database.connection]: 🔍 [JANITOR DB] Pool Status -> Size: 25, CheckedOut: 0, Overflow: -21
2026-09-22 17:29:09 [INFO] [database.connection]: 🔍 [JANITOR DB] Pool Status -> Size: 25, CheckedOut: 0, Overflow: -21
2026-09-22 17:29:54 [INFO] [database.connection]: 🔍 [JANITOR DB] Pool Status -> Size: 25, CheckedOut: 0, Overflow: -21
2026-09-22 17:30:39 [INFO] [database.connection]: 🔍 [JANITOR DB] Pool Status -> Size: 25, CheckedOut: 0, Overflow: -21
2026-09-22 17:31:24 [INFO] [database.connection]: 🔍 [JANITOR DB] Pool Status -> Size: 25, CheckedOut: 0, Overflow: -21
2026-09-22 17:32:09 [INFO] [database.connection]: 🔍 [JANITOR DB] Pool Status -> Size: 25, CheckedOut: 0, Overflow: -21
2026-09-22 17:32:54 [INFO] [database.connection]: 🔍 [JANITOR DB] Pool Status -> Size: 25, CheckedOut: 0, Overflow: -21
2026-09-22 17:33:39 [INFO] [database.connection]: 🔍 [JANITOR DB] Pool Status -> Size: 25, CheckedOut: 0, Overflow: -21
2026-09-22 17:34:13 [INFO] [core.logging_setup]: 📁 Log persistente ativo em /app/logs/backend.log
2026-09-22 17:34:20 [WARNING] [api.main]: ⚠️ session_analysis não encontrado.
2026-09-22 17:34:24 [INFO] [database.connection]: 🔍 [JANITOR DB] Pool Status -> Size: 25, CheckedOut: 0, Overflow: -21
2026-09-22 17:34:24 [INFO] [database]: 🧪 Modo de teste detectado. Pulando init_db.
2026-09-22 17:35:03 [INFO] [core.logging_setup]: 📁 Log persistente ativo em /app/logs/backend.log
2026-09-22 17:35:09 [INFO] [database.connection]: 🔍 [JANITOR DB] Pool Status -> Size: 25, CheckedOut: 0, Overflow: -21
2026-09-22 17:35:09 [WARNING] [api.main]: ⚠️ session_analysis não encontrado.
2026-09-22 17:35:14 [INFO] [database]: 🧪 Modo de teste detectado. Pulando init_db.
2026-09-22 17:35:54 [INFO] [database.connection]: 🔍 [JANITOR DB] Pool Status -> Size: 25, CheckedOut: 0, Overflow: -21
2026-09-22 17:36:20 [INFO] [core.logging_setup]: 📁 Log persistente ativo em /app/logs/backend.log
2026-09-22 17:36:26 [WARNING] [api.main]: ⚠️ session_analysis não encontrado.
2026-09-22 17:36:31 [INFO] [database]: 🧪 Modo de teste detectado. Pulando init_db.
2026-09-22 17:36:32 [INFO] [webhooks.service]: 🆕 Inserindo NOVO lead na tabela leads_test_mem_hist: 5511999998888 (is_agent=True, is_memory=True, nome=Aryaraj Fernandes)
2026-09-22 17:36:32 [INFO] [webhooks.service]: ✅ Lead 5511999998888 (ID: 1) inserido com sucesso em leads_test_mem_hist.
2026-09-22 17:36:32 [INFO] [core.websocket]: 📡 Redis conectado (Listener: False)
2026-09-22 17:36:32 [INFO] [webhooks.receiver]: 💾 [MEMÓRIA RECEBIDA] Mensagem registrada no lead (5511999998888) | Autor: agente | Nome: Aryaraj Fernandes | Texto: 'Você estava a um passo de dominar o que 99% dos ho...'
2026-09-22 17:36:33 [INFO] [webhooks.receiver]: 🛡️ [HISTÓRICO REGISTRADO] Mensagem/Template do agente armazenado no histórico (5511999998888) com ID 1 - IA não auto-responderá para evitar loop.
2026-09-22 17:36:37 [INFO] [core.logging_setup]: 📁 Log persistente ativo em /app/logs/backend.log
2026-09-22 17:36:39 [INFO] [database.connection]: 🔍 [JANITOR DB] Pool Status -> Size: 25, CheckedOut: 0, Overflow: -21
2026-09-22 17:36:43 [WARNING] [api.main]: ⚠️ session_analysis não encontrado.
2026-09-22 17:36:58 [INFO] [api.main]: 🛑 API Modular encerrando...
2026-09-22 17:37:00 [INFO] [core.logging_setup]: 📁 Log persistente ativo em /app/logs/backend.log
2026-09-22 17:37:00 [INFO] [database.sync]: ✨ Banco de dados 'ai_agent_db' já existe.
2026-09-22 17:37:00 [INFO] [database.sync]: 🔍 Iniciando auto-sincronização de schema...
2026-09-22 17:37:00 [INFO] [database.sync]: Checking table: agent_tools
2026-09-22 17:37:01 [INFO] [database.sync]: Checking table: agent_knowledge_bases
2026-09-22 17:37:01 [INFO] [database.sync]: Checking table: interaction_logs
2026-09-22 17:37:01 [INFO] [database.sync]: Checking table: session_summaries
2026-09-22 17:37:01 [INFO] [database.sync]: Checking table: knowledge_bases
2026-09-22 17:37:01 [INFO] [database.sync]: Checking table: knowledge_items
2026-09-22 17:37:01 [INFO] [database.sync]: Checking table: agent_config
2026-09-22 17:37:01 [INFO] [database.sync]: Checking table: tools
2026-09-22 17:37:01 [INFO] [database.sync]: Checking table: prompt_drafts
2026-09-22 17:37:01 [INFO] [database.sync]: Checking table: user_memory
2026-09-22 17:37:01 [INFO] [database.sync]: Checking table: feedback_logs
2026-09-22 17:37:01 [INFO] [database.sync]: Checking table: google_tokens
2026-09-22 17:37:01 [INFO] [database.sync]: Checking table: global_context_variables
2026-09-22 17:37:01 [INFO] [database.sync]: Checking table: users
2026-09-22 17:37:01 [INFO] [database.sync]: Checking table: user_invites
2026-09-22 17:37:01 [INFO] [database.sync]: Checking table: unanswered_questions
2026-09-22 17:37:01 [INFO] [database.sync]: Checking table: support_requests
2026-09-22 17:37:01 [INFO] [database.sync]: Checking table: webhook_configs
2026-09-22 17:37:01 [INFO] [database.sync]: Checking table: webhook_events
2026-09-22 17:37:01 [INFO] [database.sync]: Checking table: transcription_folders
2026-09-22 17:37:01 [INFO] [database.sync]: Checking table: transcription_tasks
2026-09-22 17:37:01 [INFO] [database.sync]: Checking table: scheduled_triggers
2026-09-22 17:37:01 [INFO] [database.sync]: Checking table: message_status
2026-09-22 17:37:01 [INFO] [database.sync]: Checking table: user_question_embeddings
2026-09-22 17:37:01 [INFO] [database.sync]: Checking table: objection_clusters
2026-09-22 17:37:01 [INFO] [database.sync]: Checking table: objection_cluster_messages
2026-09-22 17:37:01 [INFO] [database.sync]: Checking table: backup_configs
2026-09-22 17:37:01 [INFO] [database.sync]: Checking table: backup_history
2026-09-22 17:37:01 [INFO] [database.sync]: Checking table: sales
2026-09-22 17:37:01 [INFO] [database.sync]: Checking table: calendar_events
2026-09-22 17:37:01 [INFO] [database.sync]: Checking table: testimonial_categories
2026-09-22 17:37:01 [INFO] [database.sync]: Checking table: testimonials
2026-09-22 17:37:01 [INFO] [database.sync]: Checking table: sent_testimonials
2026-09-22 17:37:01 [INFO] [database.sync]: Checking table: leads
2026-09-22 17:37:01 [INFO] [database.sync]: Checking table: semantic_caches
2026-09-22 17:37:01 [INFO] [database.sync]: Checking table: question_funnels
2026-09-22 17:37:01 [INFO] [database.sync]: ✅ Sincronização de schema concluída.
2026-09-22 17:37:01 [INFO] [database]: ✅ Inicialização do banco de dados concluída com sucesso!
2026-09-22 17:37:01 [INFO] [core.logging_setup]: 📁 Log persistente ativo em /app/logs/backend.log
2026-09-22 17:37:03 [INFO] [core.logging_setup]: 📁 Log persistente ativo em /app/logs/backend.log
2026-09-22 17:37:09 [WARNING] [api.main]: ⚠️ session_analysis não encontrado.
2026-09-22 17:37:10 [INFO] [api.main]: 🚀 API Modular iniciando...
2026-09-22 17:37:10 [INFO] [database.sync]: ✨ Banco de dados 'ai_agent_db' já existe.
2026-09-22 17:37:10 [INFO] [database.sync]: 🔍 Iniciando auto-sincronização de schema...
2026-09-22 17:37:10 [INFO] [database.sync]: Checking table: agent_tools
2026-09-22 17:37:10 [INFO] [database.sync]: Checking table: agent_knowledge_bases
2026-09-22 17:37:10 [INFO] [database.sync]: Checking table: interaction_logs
2026-09-22 17:37:10 [INFO] [database.sync]: Checking table: session_summaries
2026-09-22 17:37:10 [INFO] [database.sync]: Checking table: knowledge_bases
2026-09-22 17:37:10 [INFO] [database.sync]: Checking table: knowledge_items
2026-09-22 17:37:10 [INFO] [database.sync]: Checking table: agent_config
2026-09-22 17:37:10 [INFO] [database.sync]: Checking table: tools
2026-09-22 17:37:10 [INFO] [database.sync]: Checking table: prompt_drafts
2026-09-22 17:37:10 [INFO] [database.sync]: Checking table: user_memory
2026-09-22 17:37:10 [INFO] [database.sync]: Checking table: feedback_logs
2026-09-22 17:37:10 [INFO] [database.sync]: Checking table: google_tokens
2026-09-22 17:37:10 [INFO] [database.sync]: Checking table: global_context_variables
2026-09-22 17:37:10 [INFO] [database.sync]: Checking table: users
2026-09-22 17:37:10 [INFO] [database.sync]: Checking table: user_invites
2026-09-22 17:37:10 [INFO] [database.sync]: Checking table: unanswered_questions
2026-09-22 17:37:10 [INFO] [database.sync]: Checking table: support_requests
2026-09-22 17:37:10 [INFO] [database.sync]: Checking table: webhook_configs
2026-09-22 17:37:10 [INFO] [database.sync]: Checking table: webhook_events
2026-09-22 17:37:10 [INFO] [database.sync]: Checking table: transcription_folders
2026-09-22 17:37:10 [INFO] [database.sync]: Checking table: transcription_tasks
2026-09-22 17:37:10 [INFO] [database.sync]: Checking table: scheduled_triggers
2026-09-22 17:37:10 [INFO] [database.sync]: Checking table: message_status
2026-09-22 17:37:10 [INFO] [database.sync]: Checking table: user_question_embeddings
2026-09-22 17:37:10 [INFO] [database.sync]: Checking table: objection_clusters
2026-09-22 17:37:10 [INFO] [database.sync]: Checking table: objection_cluster_messages
2026-09-22 17:37:10 [INFO] [database.sync]: Checking table: backup_configs
2026-09-22 17:37:10 [INFO] [database.sync]: Checking table: backup_history
2026-09-22 17:37:10 [INFO] [database.sync]: Checking table: sales
2026-09-22 17:37:10 [INFO] [database.sync]: Checking table: calendar_events
2026-09-22 17:37:10 [INFO] [database.sync]: Checking table: testimonial_categories
2026-09-22 17:37:10 [INFO] [database.sync]: Checking table: testimonials
2026-09-22 17:37:10 [INFO] [database.sync]: Checking table: sent_testimonials
2026-09-22 17:37:10 [INFO] [database.sync]: Checking table: leads
2026-09-22 17:37:10 [INFO] [database.sync]: Checking table: semantic_caches
2026-09-22 17:37:10 [INFO] [database.sync]: Checking table: question_funnels
2026-09-22 17:37:10 [INFO] [database.sync]: ✅ Sincronização de schema concluída.
2026-09-22 17:37:10 [INFO] [database]: ✅ Inicialização do banco de dados concluída com sucesso!
2026-09-22 17:37:10 [INFO] [api.main]: ✅ Banco de dados inicializado.
2026-09-22 17:37:10 [INFO] [core.websocket]: 📡 Redis conectado (Listener: True)
2026-09-22 17:37:10 [INFO] [core.websocket]: 👂 Listener Redis Pub/Sub iniciado.
2026-09-22 17:37:10 [INFO] [api.main]: 🧹 [JANITOR DB] Worker de monitoramento do pool ativado (intervalo: 45s).
2026-09-22 17:37:55 [INFO] [database.connection]: 🔍 [JANITOR DB] Pool Status -> Size: 25, CheckedOut: 0, Overflow: -24
2026-09-22 17:38:40 [INFO] [database.connection]: 🔍 [JANITOR DB] Pool Status -> Size: 25, CheckedOut: 0, Overflow: -24
2026-09-22 17:39:25 [INFO] [database.connection]: 🔍 [JANITOR DB] Pool Status -> Size: 25, CheckedOut: 0, Overflow: -23
2026-09-22 17:40:10 [INFO] [database.connection]: 🔍 [JANITOR DB] Pool Status -> Size: 25, CheckedOut: 0, Overflow: -23
2026-09-22 17:40:23 [INFO] [webhooks.receiver]: 💾 [MEMÓRIA RECEBIDA] Mensagem registrada no lead (5585998259497) | Autor: agente | Nome: 5585998259497 | Texto: 'Você estava a um passo de dominar o que 99% dos ho...'
2026-09-22 17:40:23 [INFO] [webhooks.receiver]: 🛡️ [HISTÓRICO REGISTRADO] Mensagem/Template do agente armazenado no histórico (5585998259497) com ID 73160 - IA não auto-responderá para evitar loop.
2026-09-22 17:40:30 [INFO] [webhooks.receiver]: 📩 Webhook: Integração WhatsApp & ZapVoice | De: 5585998259497 | Msg: Você estava a um passo de domi... | Account: 11 | Inbox: 11 | Conv: 28018 | Contact: 5585998259497
2026-09-22 17:40:30 [INFO] [webhooks.receiver]: ✅ Mensagem de saída (Template) gravada em webhook_events: ID 73161 para 5585998259497
2026-09-22 17:40:33 [INFO] [api.routers.tools]: [LABELS] Config ZapVoice recuperada via fallback do WebhookConfig: url=https://api.aryaraj.shop, client_id=11
2026-09-22 17:40:33 [INFO] [api.routers.tools]: [LABELS] Chamando ZapVoice: https://api.aryaraj.shop/api/chat/labels com client_id=11
2026-09-22 17:40:34 [INFO] [api.routers.tools]: [LABELS] ZapVoice respondeu 200: ["compra_aprovada_bussula","teste_do_amor","tettotoklkkkllklklkl"]
2026-09-22 17:40:34 [INFO] [api.routers.tools]: [LABELS] Config ZapVoice recuperada via fallback do WebhookConfig: url=https://api.aryaraj.shop, client_id=11
2026-09-22 17:40:34 [INFO] [api.routers.tools]: [LABELS] Chamando ZapVoice: https://api.aryaraj.shop/api/chat/labels com client_id=11
2026-09-22 17:40:34 [INFO] [api.routers.tools]: [LABELS] ZapVoice respondeu 200: ["compra_aprovada_bussula","teste_do_amor","tettotoklkkkllklklkl"]
2026-09-22 17:40:34 [INFO] [core.websocket]: Nova conexão WebSocket estabelecida. Total local: 1
2026-09-22 17:40:34 [INFO] [webhooks.leads_modules.listing]: 📊 Buscando leads para webhook 113 na tabela leads (Page: 1, Size: 20, Search: None)
2026-09-22 17:40:34 [INFO] [webhooks.leads_modules.listing]: ✅ Encontrados 20 leads de um total de 1502.
2026-09-22 17:40:34 [INFO] [webhooks.leads_modules.listing]: 📊 Buscando leads para webhook 113 na tabela leads (Page: 1, Size: 20, Search: None)
2026-09-22 17:40:34 [INFO] [webhooks.leads_modules.listing]: ✅ Encontrados 20 leads de um total de 1502.
2026-09-22 17:40:34 [INFO] [webhooks.leads_modules.listing]: 📊 Buscando leads para webhook 113 na tabela leads (Page: 1, Size: 20, Search: None)
2026-09-22 17:40:34 [INFO] [webhooks.leads_modules.listing]: ✅ Encontrados 20 leads de um total de 1502.
2026-09-22 17:40:37 [INFO] [core.websocket]: Conexão WebSocket encerrada. Total local: 0
2026-09-22 17:40:37 [INFO] [core.websocket]: Nova conexão WebSocket estabelecida. Total local: 1
2026-09-22 17:40:37 [INFO] [core.websocket]: Conexão WebSocket encerrada. Total local: 0
2026-09-22 17:40:37 [INFO] [core.websocket]: Nova conexão WebSocket estabelecida. Total local: 1
2026-09-22 17:40:55 [INFO] [database.connection]: 🔍 [JANITOR DB] Pool Status -> Size: 25, CheckedOut: 0, Overflow: -22
2026-09-22 17:41:02 [INFO] [core.websocket]: Conexão WebSocket encerrada. Total local: 0
2026-09-22 17:41:02 [INFO] [webhooks.leads_modules.listing]: 📊 Buscando leads para webhook 113 na tabela leads (Page: 1, Size: 20, Search: None)
2026-09-22 17:41:02 [INFO] [core.websocket]: Nova conexão WebSocket estabelecida. Total local: 1
2026-09-22 17:41:02 [INFO] [webhooks.leads_modules.listing]: ✅ Encontrados 20 leads de um total de 1502.
2026-09-22 17:41:02 [INFO] [webhooks.leads_modules.listing]: 📊 Buscando leads para webhook 113 na tabela leads (Page: 1, Size: 20, Search: None)
2026-09-22 17:41:02 [INFO] [webhooks.leads_modules.listing]: ✅ Encontrados 20 leads de um total de 1502.
2026-09-22 17:41:03 [INFO] [core.websocket]: Conexão WebSocket encerrada. Total local: 0
2026-09-22 17:41:40 [INFO] [database.connection]: 🔍 [JANITOR DB] Pool Status -> Size: 25, CheckedOut: 0, Overflow: -22
2026-09-22 17:42:25 [INFO] [database.connection]: 🔍 [JANITOR DB] Pool Status -> Size: 25, CheckedOut: 0, Overflow: -22
2026-09-22 17:43:10 [INFO] [database.connection]: 🔍 [JANITOR DB] Pool Status -> Size: 25, CheckedOut: 0, Overflow: -22
2026-09-22 17:43:55 [INFO] [database.connection]: 🔍 [JANITOR DB] Pool Status -> Size: 25, CheckedOut: 0, Overflow: -22
2026-09-22 17:43:58 [INFO] [core.websocket]: Nova conexão WebSocket estabelecida. Total local: 1
2026-09-22 17:43:58 [INFO] [webhooks.leads_modules.listing]: 📊 Buscando leads para webhook 113 na tabela leads (Page: 1, Size: 20, Search: None)
2026-09-22 17:43:58 [INFO] [webhooks.leads_modules.listing]: ✅ Encontrados 20 leads de um total de 1502.
2026-09-22 17:43:58 [INFO] [webhooks.leads_modules.listing]: 📊 Buscando leads para webhook 113 na tabela leads (Page: 1, Size: 20, Search: None)
2026-09-22 17:43:58 [INFO] [webhooks.leads_modules.listing]: ✅ Encontrados 20 leads de um total de 1502.
2026-09-22 17:43:59 [INFO] [core.websocket]: Conexão WebSocket encerrada. Total local: 0
2026-09-22 17:43:59 [INFO] [core.websocket]: Nova conexão WebSocket estabelecida. Total local: 1
2026-09-22 17:43:59 [INFO] [core.websocket]: Conexão WebSocket encerrada. Total local: 0
2026-09-22 17:43:59 [INFO] [core.websocket]: Nova conexão WebSocket estabelecida. Total local: 1
2026-09-22 17:44:02 [INFO] [core.websocket]: Conexão WebSocket encerrada. Total local: 0
2026-09-22 17:44:02 [INFO] [core.websocket]: Nova conexão WebSocket estabelecida. Total local: 1
2026-09-22 17:44:02 [INFO] [webhooks.leads_modules.listing]: 📊 Buscando leads para webhook 113 na tabela leads (Page: 1, Size: 20, Search: None)
2026-09-22 17:44:02 [INFO] [webhooks.leads_modules.listing]: ✅ Encontrados 20 leads de um total de 1502.
2026-09-22 17:44:02 [INFO] [webhooks.leads_modules.listing]: 📊 Buscando leads para webhook 113 na tabela leads (Page: 1, Size: 20, Search: None)
2026-09-22 17:44:02 [INFO] [webhooks.leads_modules.listing]: ✅ Encontrados 20 leads de um total de 1502.
2026-09-22 17:44:11 [INFO] [core.websocket]: Conexão WebSocket encerrada. Total local: 0
2026-09-22 17:44:40 [INFO] [database.connection]: 🔍 [JANITOR DB] Pool Status -> Size: 25, CheckedOut: 0, Overflow: -22
2026-09-22 17:45:25 [INFO] [database.connection]: 🔍 [JANITOR DB] Pool Status -> Size: 25, CheckedOut: 0, Overflow: -22
2026-09-22 17:46:10 [INFO] [database.connection]: 🔍 [JANITOR DB] Pool Status -> Size: 25, CheckedOut: 0, Overflow: -22
2026-09-22 17:46:55 [INFO] [database.connection]: 🔍 [JANITOR DB] Pool Status -> Size: 25, CheckedOut: 0, Overflow: -22
2026-09-22 17:47:40 [INFO] [database.connection]: 🔍 [JANITOR DB] Pool Status -> Size: 25, CheckedOut: 0, Overflow: -22
2026-09-22 17:48:25 [INFO] [database.connection]: 🔍 [JANITOR DB] Pool Status -> Size: 25, CheckedOut: 0, Overflow: -22
2026-09-22 17:49:10 [INFO] [database.connection]: 🔍 [JANITOR DB] Pool Status -> Size: 25, CheckedOut: 0, Overflow: -22
2026-09-22 17:49:55 [INFO] [database.connection]: 🔍 [JANITOR DB] Pool Status -> Size: 25, CheckedOut: 0, Overflow: -22
2026-09-22 17:50:40 [INFO] [database.connection]: 🔍 [JANITOR DB] Pool Status -> Size: 25, CheckedOut: 0, Overflow: -22
2026-09-22 17:51:25 [INFO] [database.connection]: 🔍 [JANITOR DB] Pool Status -> Size: 25, CheckedOut: 0, Overflow: -22
2026-09-22 17:52:10 [INFO] [database.connection]: 🔍 [JANITOR DB] Pool Status -> Size: 25, CheckedOut: 0, Overflow: -22
2026-09-22 17:52:55 [INFO] [database.connection]: 🔍 [JANITOR DB] Pool Status -> Size: 25, CheckedOut: 0, Overflow: -22
2026-09-22 17:53:40 [INFO] [database.connection]: 🔍 [JANITOR DB] Pool Status -> Size: 25, CheckedOut: 0, Overflow: -22
2026-09-22 17:54:25 [INFO] [database.connection]: 🔍 [JANITOR DB] Pool Status -> Size: 25, CheckedOut: 0, Overflow: -22
2026-09-22 17:55:10 [INFO] [database.connection]: 🔍 [JANITOR DB] Pool Status -> Size: 25, CheckedOut: 0, Overflow: -22
2026-09-22 17:55:55 [INFO] [database.connection]: 🔍 [JANITOR DB] Pool Status -> Size: 25, CheckedOut: 0, Overflow: -22
2026-09-22 17:56:40 [INFO] [database.connection]: 🔍 [JANITOR DB] Pool Status -> Size: 25, CheckedOut: 0, Overflow: -22
2026-09-22 17:57:25 [INFO] [database.connection]: 🔍 [JANITOR DB] Pool Status -> Size: 25, CheckedOut: 0, Overflow: -22
2026-09-22 17:58:10 [INFO] [database.connection]: 🔍 [JANITOR DB] Pool Status -> Size: 25, CheckedOut: 0, Overflow: -22
2026-09-22 17:58:55 [INFO] [database.connection]: 🔍 [JANITOR DB] Pool Status -> Size: 25, CheckedOut: 0, Overflow: -22
2026-09-22 17:59:40 [INFO] [database.connection]: 🔍 [JANITOR DB] Pool Status -> Size: 25, CheckedOut: 0, Overflow: -22
2026-09-22 18:00:25 [INFO] [database.connection]: 🔍 [JANITOR DB] Pool Status -> Size: 25, CheckedOut: 0, Overflow: -22
2026-09-22 18:01:10 [INFO] [database.connection]: 🔍 [JANITOR DB] Pool Status -> Size: 25, CheckedOut: 0, Overflow: -22
2026-09-22 18:01:55 [INFO] [database.connection]: 🔍 [JANITOR DB] Pool Status -> Size: 25, CheckedOut: 0, Overflow: -22
2026-09-22 18:02:40 [INFO] [database.connection]: 🔍 [JANITOR DB] Pool Status -> Size: 25, CheckedOut: 0, Overflow: -22
2026-09-22 18:03:25 [INFO] [database.connection]: 🔍 [JANITOR DB] Pool Status -> Size: 25, CheckedOut: 0, Overflow: -22
2026-09-22 18:04:10 [INFO] [database.connection]: 🔍 [JANITOR DB] Pool Status -> Size: 25, CheckedOut: 0, Overflow: -22
2026-09-22 18:04:55 [INFO] [database.connection]: 🔍 [JANITOR DB] Pool Status -> Size: 25, CheckedOut: 0, Overflow: -22
2026-09-22 18:05:40 [INFO] [database.connection]: 🔍 [JANITOR DB] Pool Status -> Size: 25, CheckedOut: 0, Overflow: -22
2026-09-22 18:06:25 [INFO] [database.connection]: 🔍 [JANITOR DB] Pool Status -> Size: 25, CheckedOut: 0, Overflow: -22
2026-09-22 18:07:10 [INFO] [database.connection]: 🔍 [JANITOR DB] Pool Status -> Size: 25, CheckedOut: 0, Overflow: -22
2026-09-22 18:07:55 [INFO] [database.connection]: 🔍 [JANITOR DB] Pool Status -> Size: 25, CheckedOut: 0, Overflow: -22
2026-09-22 18:08:40 [INFO] [database.connection]: 🔍 [JANITOR DB] Pool Status -> Size: 25, CheckedOut: 0, Overflow: -22
2026-09-22 18:09:25 [INFO] [database.connection]: 🔍 [JANITOR DB] Pool Status -> Size: 25, CheckedOut: 0, Overflow: -22
2026-09-22 18:10:10 [INFO] [database.connection]: 🔍 [JANITOR DB] Pool Status -> Size: 25, CheckedOut: 0, Overflow: -22
2026-09-22 18:10:55 [INFO] [database.connection]: 🔍 [JANITOR DB] Pool Status -> Size: 25, CheckedOut: 0, Overflow: -22
2026-09-22 18:11:40 [INFO] [database.connection]: 🔍 [JANITOR DB] Pool Status -> Size: 25, CheckedOut: 0, Overflow: -22
2026-09-22 18:12:25 [INFO] [database.connection]: 🔍 [JANITOR DB] Pool Status -> Size: 25, CheckedOut: 0, Overflow: -22
2026-09-22 18:13:10 [INFO] [database.connection]: 🔍 [JANITOR DB] Pool Status -> Size: 25, CheckedOut: 0, Overflow: -22
2026-09-22 18:13:55 [INFO] [database.connection]: 🔍 [JANITOR DB] Pool Status -> Size: 25, CheckedOut: 0, Overflow: -22
2026-09-22 18:14:40 [INFO] [database.connection]: 🔍 [JANITOR DB] Pool Status -> Size: 25, CheckedOut: 0, Overflow: -22
2026-09-22 18:15:25 [INFO] [database.connection]: 🔍 [JANITOR DB] Pool Status -> Size: 25, CheckedOut: 0, Overflow: -22
2026-09-22 18:16:10 [INFO] [database.connection]: 🔍 [JANITOR DB] Pool Status -> Size: 25, CheckedOut: 0, Overflow: -22
2026-09-22 18:16:55 [INFO] [database.connection]: 🔍 [JANITOR DB] Pool Status -> Size: 25, CheckedOut: 0, Overflow: -22
2026-09-22 18:17:40 [INFO] [database.connection]: 🔍 [JANITOR DB] Pool Status -> Size: 25, CheckedOut: 0, Overflow: -22
2026-09-22 18:18:25 [INFO] [database.connection]: 🔍 [JANITOR DB] Pool Status -> Size: 25, CheckedOut: 0, Overflow: -22
2026-09-22 18:19:10 [INFO] [database.connection]: 🔍 [JANITOR DB] Pool Status -> Size: 25, CheckedOut: 0, Overflow: -22
2026-09-22 18:19:55 [INFO] [database.connection]: 🔍 [JANITOR DB] Pool Status -> Size: 25, CheckedOut: 0, Overflow: -22
2026-09-22 18:20:40 [INFO] [database.connection]: 🔍 [JANITOR DB] Pool Status -> Size: 25, CheckedOut: 0, Overflow: -22
2026-09-22 18:21:25 [INFO] [database.connection]: 🔍 [JANITOR DB] Pool Status -> Size: 25, CheckedOut: 0, Overflow: -22
2026-09-22 18:22:10 [INFO] [database.connection]: 🔍 [JANITOR DB] Pool Status -> Size: 25, CheckedOut: 0, Overflow: -22
2026-09-22 18:22:55 [INFO] [database.connection]: 🔍 [JANITOR DB] Pool Status -> Size: 25, CheckedOut: 0, Overflow: -22
2026-09-22 18:23:40 [INFO] [database.connection]: 🔍 [JANITOR DB] Pool Status -> Size: 25, CheckedOut: 0, Overflow: -22
2026-09-22 18:24:25 [INFO] [database.connection]: 🔍 [JANITOR DB] Pool Status -> Size: 25, CheckedOut: 0, Overflow: -22
2026-09-22 18:25:10 [INFO] [database.connection]: 🔍 [JANITOR DB] Pool Status -> Size: 25, CheckedOut: 0, Overflow: -22
2026-09-22 18:25:55 [INFO] [database.connection]: 🔍 [JANITOR DB] Pool Status -> Size: 25, CheckedOut: 0, Overflow: -22
2026-09-22 18:26:40 [INFO] [database.connection]: 🔍 [JANITOR DB] Pool Status -> Size: 25, CheckedOut: 0, Overflow: -22
2026-09-22 18:27:25 [INFO] [database.connection]: 🔍 [JANITOR DB] Pool Status -> Size: 25, CheckedOut: 0, Overflow: -22
2026-09-22 18:28:10 [INFO] [database.connection]: 🔍 [JANITOR DB] Pool Status -> Size: 25, CheckedOut: 0, Overflow: -22
2026-09-22 18:28:55 [INFO] [database.connection]: 🔍 [JANITOR DB] Pool Status -> Size: 25, CheckedOut: 0, Overflow: -22
2026-09-22 18:29:40 [INFO] [database.connection]: 🔍 [JANITOR DB] Pool Status -> Size: 25, CheckedOut: 0, Overflow: -22
2026-09-22 18:30:25 [INFO] [database.connection]: 🔍 [JANITOR DB] Pool Status -> Size: 25, CheckedOut: 0, Overflow: -22
2026-09-22 18:31:10 [INFO] [database.connection]: 🔍 [JANITOR DB] Pool Status -> Size: 25, CheckedOut: 0, Overflow: -22
2026-09-22 18:31:55 [INFO] [database.connection]: 🔍 [JANITOR DB] Pool Status -> Size: 25, CheckedOut: 0, Overflow: -22
2026-09-22 18:32:40 [INFO] [database.connection]: 🔍 [JANITOR DB] Pool Status -> Size: 25, CheckedOut: 0, Overflow: -22
2026-09-22 18:33:25 [INFO] [database.connection]: 🔍 [JANITOR DB] Pool Status -> Size: 25, CheckedOut: 0, Overflow: -22
2026-09-22 18:34:10 [INFO] [database.connection]: 🔍 [JANITOR DB] Pool Status -> Size: 25, CheckedOut: 0, Overflow: -22
2026-09-22 18:34:55 [INFO] [database.connection]: 🔍 [JANITOR DB] Pool Status -> Size: 25, CheckedOut: 0, Overflow: -22
2026-09-22 18:35:40 [INFO] [database.connection]: 🔍 [JANITOR DB] Pool Status -> Size: 25, CheckedOut: 0, Overflow: -22
2026-09-22 18:36:25 [INFO] [database.connection]: 🔍 [JANITOR DB] Pool Status -> Size: 25, CheckedOut: 0, Overflow: -22
2026-09-22 18:37:10 [INFO] [database.connection]: 🔍 [JANITOR DB] Pool Status -> Size: 25, CheckedOut: 0, Overflow: -22
2026-09-22 18:37:55 [INFO] [database.connection]: 🔍 [JANITOR DB] Pool Status -> Size: 25, CheckedOut: 0, Overflow: -22
2026-09-22 18:38:40 [INFO] [database.connection]: 🔍 [JANITOR DB] Pool Status -> Size: 25, CheckedOut: 0, Overflow: -22
2026-09-22 18:39:25 [INFO] [database.connection]: 🔍 [JANITOR DB] Pool Status -> Size: 25, CheckedOut: 0, Overflow: -22
2026-09-22 18:40:10 [INFO] [database.connection]: 🔍 [JANITOR DB] Pool Status -> Size: 25, CheckedOut: 0, Overflow: -22
2026-09-22 18:40:55 [INFO] [database.connection]: 🔍 [JANITOR DB] Pool Status -> Size: 25, CheckedOut: 0, Overflow: -22
2026-09-22 18:41:40 [INFO] [database.connection]: 🔍 [JANITOR DB] Pool Status -> Size: 25, CheckedOut: 0, Overflow: -22
2026-09-22 18:42:25 [INFO] [database.connection]: 🔍 [JANITOR DB] Pool Status -> Size: 25, CheckedOut: 0, Overflow: -22
2026-09-22 18:43:10 [INFO] [database.connection]: 🔍 [JANITOR DB] Pool Status -> Size: 25, CheckedOut: 0, Overflow: -22
2026-09-22 18:43:55 [INFO] [database.connection]: 🔍 [JANITOR DB] Pool Status -> Size: 25, CheckedOut: 0, Overflow: -22
2026-09-22 18:44:40 [INFO] [database.connection]: 🔍 [JANITOR DB] Pool Status -> Size: 25, CheckedOut: 0, Overflow: -22
2026-09-22 18:45:25 [INFO] [database.connection]: 🔍 [JANITOR DB] Pool Status -> Size: 25, CheckedOut: 0, Overflow: -22
2026-09-22 18:46:10 [INFO] [database.connection]: 🔍 [JANITOR DB] Pool Status -> Size: 25, CheckedOut: 0, Overflow: -22
2026-09-22 18:46:55 [INFO] [database.connection]: 🔍 [JANITOR DB] Pool Status -> Size: 25, CheckedOut: 0, Overflow: -22
2026-09-22 18:47:40 [INFO] [database.connection]: 🔍 [JANITOR DB] Pool Status -> Size: 25, CheckedOut: 0, Overflow: -22
2026-09-22 18:48:25 [INFO] [database.connection]: 🔍 [JANITOR DB] Pool Status -> Size: 25, CheckedOut: 0, Overflow: -22
2026-09-22 18:49:10 [INFO] [database.connection]: 🔍 [JANITOR DB] Pool Status -> Size: 25, CheckedOut: 0, Overflow: -22
2026-09-22 18:49:55 [INFO] [database.connection]: 🔍 [JANITOR DB] Pool Status -> Size: 25, CheckedOut: 0, Overflow: -22
2026-09-22 18:50:40 [INFO] [database.connection]: 🔍 [JANITOR DB] Pool Status -> Size: 25, CheckedOut: 0, Overflow: -22
2026-09-22 18:51:25 [INFO] [database.connection]: 🔍 [JANITOR DB] Pool Status -> Size: 25, CheckedOut: 0, Overflow: -22
2026-09-22 18:52:10 [INFO] [database.connection]: 🔍 [JANITOR DB] Pool Status -> Size: 25, CheckedOut: 0, Overflow: -22
2026-09-22 18:52:55 [INFO] [database.connection]: 🔍 [JANITOR DB] Pool Status -> Size: 25, CheckedOut: 0, Overflow: -22
2026-09-22 18:53:40 [INFO] [database.connection]: 🔍 [JANITOR DB] Pool Status -> Size: 25, CheckedOut: 0, Overflow: -22
2026-09-22 18:54:25 [INFO] [database.connection]: 🔍 [JANITOR DB] Pool Status -> Size: 25, CheckedOut: 0, Overflow: -22
2026-09-22 18:55:10 [INFO] [database.connection]: 🔍 [JANITOR DB] Pool Status -> Size: 25, CheckedOut: 0, Overflow: -22
2026-09-22 18:55:55 [INFO] [database.connection]: 🔍 [JANITOR DB] Pool Status -> Size: 25, CheckedOut: 0, Overflow: -22
2026-09-22 18:56:40 [INFO] [database.connection]: 🔍 [JANITOR DB] Pool Status -> Size: 25, CheckedOut: 0, Overflow: -22
2026-09-22 18:57:25 [INFO] [database.connection]: 🔍 [JANITOR DB] Pool Status -> Size: 25, CheckedOut: 0, Overflow: -22
2026-09-22 18:58:10 [INFO] [database.connection]: 🔍 [JANITOR DB] Pool Status -> Size: 25, CheckedOut: 0, Overflow: -22
2026-09-22 18:58:55 [INFO] [database.connection]: 🔍 [JANITOR DB] Pool Status -> Size: 25, CheckedOut: 0, Overflow: -22
2026-09-22 18:59:40 [INFO] [database.connection]: 🔍 [JANITOR DB] Pool Status -> Size: 25, CheckedOut: 0, Overflow: -22
2026-09-22 19:00:25 [INFO] [database.connection]: 🔍 [JANITOR DB] Pool Status -> Size: 25, CheckedOut: 0, Overflow: -22
2026-09-22 19:01:10 [INFO] [database.connection]: 🔍 [JANITOR DB] Pool Status -> Size: 25, CheckedOut: 0, Overflow: -22
2026-09-22 19:01:55 [INFO] [database.connection]: 🔍 [JANITOR DB] Pool Status -> Size: 25, CheckedOut: 0, Overflow: -22
2026-09-22 19:02:40 [INFO] [database.connection]: 🔍 [JANITOR DB] Pool Status -> Size: 25, CheckedOut: 0, Overflow: -22
2026-09-22 19:03:25 [INFO] [database.connection]: 🔍 [JANITOR DB] Pool Status -> Size: 25, CheckedOut: 0, Overflow: -22
2026-09-22 19:04:10 [INFO] [database.connection]: 🔍 [JANITOR DB] Pool Status -> Size: 25, CheckedOut: 0, Overflow: -22
2026-09-22 19:04:55 [INFO] [database.connection]: 🔍 [JANITOR DB] Pool Status -> Size: 25, CheckedOut: 0, Overflow: -22
2026-09-22 19:05:40 [INFO] [database.connection]: 🔍 [JANITOR DB] Pool Status -> Size: 25, CheckedOut: 0, Overflow: -22
2026-09-22 19:06:25 [INFO] [database.connection]: 🔍 [JANITOR DB] Pool Status -> Size: 25, CheckedOut: 0, Overflow: -22
2026-09-22 19:07:10 [INFO] [database.connection]: 🔍 [JANITOR DB] Pool Status -> Size: 25, CheckedOut: 0, Overflow: -22
2026-09-22 19:07:55 [INFO] [database.connection]: 🔍 [JANITOR DB] Pool Status -> Size: 25, CheckedOut: 0, Overflow: -22
2026-09-22 19:08:40 [INFO] [database.connection]: 🔍 [JANITOR DB] Pool Status -> Size: 25, CheckedOut: 0, Overflow: -22
2026-09-22 19:09:25 [INFO] [database.connection]: 🔍 [JANITOR DB] Pool Status -> Size: 25, CheckedOut: 0, Overflow: -22
2026-09-22 19:10:10 [INFO] [database.connection]: 🔍 [JANITOR DB] Pool Status -> Size: 25, CheckedOut: 0, Overflow: -22
2026-09-22 19:10:55 [INFO] [database.connection]: 🔍 [JANITOR DB] Pool Status -> Size: 25, CheckedOut: 0, Overflow: -22
2026-09-22 19:11:40 [INFO] [database.connection]: 🔍 [JANITOR DB] Pool Status -> Size: 25, CheckedOut: 0, Overflow: -22
2026-09-22 19:12:25 [INFO] [database.connection]: 🔍 [JANITOR DB] Pool Status -> Size: 25, CheckedOut: 0, Overflow: -22
2026-09-22 19:13:10 [INFO] [database.connection]: 🔍 [JANITOR DB] Pool Status -> Size: 25, CheckedOut: 0, Overflow: -22
2026-09-22 19:13:55 [INFO] [database.connection]: 🔍 [JANITOR DB] Pool Status -> Size: 25, CheckedOut: 0, Overflow: -22
2026-09-22 19:14:40 [INFO] [database.connection]: 🔍 [JANITOR DB] Pool Status -> Size: 25, CheckedOut: 0, Overflow: -22
2026-09-22 19:15:25 [INFO] [database.connection]: 🔍 [JANITOR DB] Pool Status -> Size: 25, CheckedOut: 0, Overflow: -22
2026-09-22 19:16:10 [INFO] [database.connection]: 🔍 [JANITOR DB] Pool Status -> Size: 25, CheckedOut: 0, Overflow: -22
2026-09-22 19:16:55 [INFO] [database.connection]: 🔍 [JANITOR DB] Pool Status -> Size: 25, CheckedOut: 0, Overflow: -22
2026-09-22 19:17:40 [INFO] [database.connection]: 🔍 [JANITOR DB] Pool Status -> Size: 25, CheckedOut: 0, Overflow: -22
2026-09-22 19:18:25 [INFO] [database.connection]: 🔍 [JANITOR DB] Pool Status -> Size: 25, CheckedOut: 0, Overflow: -22
2026-09-22 19:19:10 [INFO] [database.connection]: 🔍 [JANITOR DB] Pool Status -> Size: 25, CheckedOut: 0, Overflow: -22
2026-09-22 19:19:55 [INFO] [database.connection]: 🔍 [JANITOR DB] Pool Status -> Size: 25, CheckedOut: 0, Overflow: -22
2026-09-22 19:20:40 [INFO] [database.connection]: 🔍 [JANITOR DB] Pool Status -> Size: 25, CheckedOut: 0, Overflow: -22
2026-09-22 19:21:25 [INFO] [database.connection]: 🔍 [JANITOR DB] Pool Status -> Size: 25, CheckedOut: 0, Overflow: -22
2026-09-22 19:22:10 [INFO] [database.connection]: 🔍 [JANITOR DB] Pool Status -> Size: 25, CheckedOut: 0, Overflow: -22
2026-09-22 19:22:55 [INFO] [database.connection]: 🔍 [JANITOR DB] Pool Status -> Size: 25, CheckedOut: 0, Overflow: -22
2026-09-22 19:23:40 [INFO] [database.connection]: 🔍 [JANITOR DB] Pool Status -> Size: 25, CheckedOut: 0, Overflow: -22
2026-09-22 19:24:25 [INFO] [database.connection]: 🔍 [JANITOR DB] Pool Status -> Size: 25, CheckedOut: 0, Overflow: -22
2026-09-22 19:25:10 [INFO] [database.connection]: 🔍 [JANITOR DB] Pool Status -> Size: 25, CheckedOut: 0, Overflow: -22
2026-09-22 19:25:55 [INFO] [database.connection]: 🔍 [JANITOR DB] Pool Status -> Size: 25, CheckedOut: 0, Overflow: -22
2026-09-22 19:26:40 [INFO] [database.connection]: 🔍 [JANITOR DB] Pool Status -> Size: 25, CheckedOut: 0, Overflow: -22
2026-09-22 19:27:25 [INFO] [database.connection]: 🔍 [JANITOR DB] Pool Status -> Size: 25, CheckedOut: 0, Overflow: -22
2026-09-22 19:28:10 [INFO] [database.connection]: 🔍 [JANITOR DB] Pool Status -> Size: 25, CheckedOut: 0, Overflow: -22
2026-09-22 19:28:14 [INFO] [webhooks.receiver]: 📩 Webhook: Integração WhatsApp & ZapVoice | De: 5585998259497 | Msg: O atendente Super Admin remove... | Account: 11 | Inbox: 11 | Conv: 28018 | Contact: 5585998259497
2026-09-22 19:28:14 [INFO] [webhooks.receiver]: ✅ Mensagem de saída (Atendente) gravada em webhook_events: ID 73162 para 5585998259497
2026-09-22 19:28:15 [INFO] [webhooks.receiver]: 📩 Webhook: Integração WhatsApp & ZapVoice | De: 5585998259497 | Msg: O atendente Super Admin remove... | Account: 11 | Inbox: 11 | Conv: 28018 | Contact: 5585998259497
2026-09-22 19:28:15 [INFO] [webhooks.receiver]: ✅ Mensagem de saída (Atendente) gravada em webhook_events: ID 73163 para 5585998259497
2026-09-22 19:28:55 [INFO] [database.connection]: 🔍 [JANITOR DB] Pool Status -> Size: 25, CheckedOut: 0, Overflow: -22
2026-09-22 19:29:00 [INFO] [webhooks.receiver]: 📩 Webhook: Integração WhatsApp & ZapVoice | De: 5585998259497 | Msg: O atendente Super Admin adicio... | Account: 11 | Inbox: 11 | Conv: 28018 | Contact: 5585998259497
2026-09-22 19:29:00 [INFO] [webhooks.receiver]: ✅ Mensagem de saída (Atendente) gravada em webhook_events: ID 73164 para 5585998259497
2026-09-22 19:29:40 [INFO] [database.connection]: 🔍 [JANITOR DB] Pool Status -> Size: 25, CheckedOut: 0, Overflow: -22
2026-09-22 19:30:25 [INFO] [database.connection]: 🔍 [JANITOR DB] Pool Status -> Size: 25, CheckedOut: 0, Overflow: -22
2026-09-22 19:31:10 [INFO] [database.connection]: 🔍 [JANITOR DB] Pool Status -> Size: 25, CheckedOut: 0, Overflow: -22
2026-09-22 19:31:43 [INFO] [api.routers.tools]: [LABELS] Config ZapVoice recuperada via fallback do WebhookConfig: url=https://api.aryaraj.shop, client_id=11
2026-09-22 19:31:43 [INFO] [api.routers.tools]: [LABELS] Chamando ZapVoice: https://api.aryaraj.shop/api/chat/labels com client_id=11
2026-09-22 19:31:44 [INFO] [api.routers.tools]: [LABELS] ZapVoice respondeu 200: ["compra_aprovada_bussula","pepepopo","teste_do_amor","tettotoklkkkllklklkl"]
2026-09-22 19:31:44 [INFO] [api.routers.tools]: [LABELS] Config ZapVoice recuperada via fallback do WebhookConfig: url=https://api.aryaraj.shop, client_id=11
2026-09-22 19:31:44 [INFO] [api.routers.tools]: [LABELS] Chamando ZapVoice: https://api.aryaraj.shop/api/chat/labels com client_id=11
2026-09-22 19:31:44 [INFO] [api.routers.tools]: [LABELS] ZapVoice respondeu 200: ["compra_aprovada_bussula","pepepopo","teste_do_amor","tettotoklkkkllklklkl"]
2026-09-22 19:31:45 [INFO] [core.websocket]: Nova conexão WebSocket estabelecida. Total local: 1
2026-09-22 19:31:45 [INFO] [webhooks.leads_modules.listing]: 📊 Buscando leads para webhook 113 na tabela leads (Page: 1, Size: 20, Search: None)
2026-09-22 19:31:45 [INFO] [webhooks.leads_modules.listing]: ✅ Encontrados 20 leads de um total de 1502.
2026-09-22 19:31:45 [INFO] [webhooks.leads_modules.listing]: 📊 Buscando leads para webhook 113 na tabela leads (Page: 1, Size: 20, Search: None)
2026-09-22 19:31:45 [INFO] [webhooks.leads_modules.listing]: ✅ Encontrados 20 leads de um total de 1502.
2026-09-22 19:31:45 [INFO] [webhooks.leads_modules.listing]: 📊 Buscando leads para webhook 113 na tabela leads (Page: 1, Size: 20, Search: None)
2026-09-22 19:31:45 [INFO] [webhooks.leads_modules.listing]: ✅ Encontrados 20 leads de um total de 1502.
2026-09-22 19:31:53 [INFO] [core.websocket]: Conexão WebSocket encerrada. Total local: 0
2026-09-22 19:31:54 [INFO] [api.routers.tools]: [LABELS] Chamando ZapVoice: https://api.aryaraj.shop/api/chat/labels com client_id=11
2026-09-22 19:31:55 [INFO] [api.routers.tools]: [LABELS] ZapVoice respondeu 200: ["compra_aprovada_bussula","pepepopo","teste_do_amor","tettotoklkkkllklklkl"]
2026-09-22 19:31:55 [INFO] [api.routers.tools]: [LABELS] Chamando ZapVoice: https://api.aryaraj.shop/api/chat/labels com client_id=11
2026-09-22 19:31:55 [INFO] [api.routers.tools]: [LABELS] ZapVoice respondeu 200: ["compra_aprovada_bussula","pepepopo","teste_do_amor","tettotoklkkkllklklkl"]
2026-09-22 19:31:55 [INFO] [database.connection]: 🔍 [JANITOR DB] Pool Status -> Size: 25, CheckedOut: 0, Overflow: -22
2026-09-22 19:31:59 [INFO] [api.routers.tools]: [LABELS] Chamando ZapVoice: https://api.aryaraj.shop/api/chat/labels com client_id=11
2026-09-22 19:31:59 [INFO] [api.routers.tools]: [LABELS] ZapVoice respondeu 200: ["compra_aprovada_bussula","pepepopo","teste_do_amor","tettotoklkkkllklklkl"]
2026-09-22 19:32:02 [INFO] [api.routers.tools]: [LABELS] Chamando ZapVoice: https://api.aryaraj.shop/api/chat/labels com client_id=11
2026-09-22 19:32:02 [INFO] [api.routers.tools]: [LABELS] ZapVoice respondeu 200: ["compra_aprovada_bussula","pepepopo","teste_do_amor","tettotoklkkkllklklkl"]
2026-09-22 19:32:06 [INFO] [zapvoice_utils]: ✅ 8 templates WhatsApp recuperados do ZapVoice.
2026-09-22 19:32:40 [INFO] [database.connection]: 🔍 [JANITOR DB] Pool Status -> Size: 25, CheckedOut: 0, Overflow: -22
2026-09-22 19:33:25 [INFO] [database.connection]: 🔍 [JANITOR DB] Pool Status -> Size: 25, CheckedOut: 0, Overflow: -22
2026-09-22 19:34:10 [INFO] [database.connection]: 🔍 [JANITOR DB] Pool Status -> Size: 25, CheckedOut: 0, Overflow: -22
2026-09-22 19:34:55 [INFO] [database.connection]: 🔍 [JANITOR DB] Pool Status -> Size: 25, CheckedOut: 0, Overflow: -22
2026-09-22 19:35:40 [INFO] [database.connection]: 🔍 [JANITOR DB] Pool Status -> Size: 25, CheckedOut: 0, Overflow: -22
2026-09-22 19:36:25 [INFO] [database.connection]: 🔍 [JANITOR DB] Pool Status -> Size: 25, CheckedOut: 0, Overflow: -22
2026-09-22 19:37:10 [INFO] [database.connection]: 🔍 [JANITOR DB] Pool Status -> Size: 25, CheckedOut: 0, Overflow: -22
2026-09-22 19:37:55 [INFO] [database.connection]: 🔍 [JANITOR DB] Pool Status -> Size: 25, CheckedOut: 0, Overflow: -22
2026-09-22 19:38:40 [INFO] [database.connection]: 🔍 [JANITOR DB] Pool Status -> Size: 25, CheckedOut: 0, Overflow: -22
2026-09-22 19:39:25 [INFO] [database.connection]: 🔍 [JANITOR DB] Pool Status -> Size: 25, CheckedOut: 0, Overflow: -22
2026-09-22 19:40:10 [INFO] [database.connection]: 🔍 [JANITOR DB] Pool Status -> Size: 25, CheckedOut: 0, Overflow: -22
2026-09-22 19:40:42 [INFO] [api.routers.tools]: [LABELS] Chamando ZapVoice: https://api.aryaraj.shop/api/chat/labels com client_id=11
2026-09-22 19:40:42 [INFO] [api.routers.tools]: [LABELS] ZapVoice respondeu 200: ["compra_aprovada_bussula","pepepopo","teste_do_amor","tettotoklkkkllklklkl"]
2026-09-22 19:40:49 [INFO] [api.routers.tools]: [LABELS] Config ZapVoice recuperada via fallback do WebhookConfig: url=https://api.aryaraj.shop, client_id=11
2026-09-22 19:40:49 [INFO] [api.routers.tools]: [LABELS] Chamando ZapVoice: https://api.aryaraj.shop/api/chat/labels com client_id=11
2026-09-22 19:40:49 [INFO] [api.routers.tools]: [LABELS] Config ZapVoice recuperada via fallback do WebhookConfig: url=https://api.aryaraj.shop, client_id=11
2026-09-22 19:40:49 [INFO] [api.routers.tools]: [LABELS] Chamando ZapVoice: https://api.aryaraj.shop/api/chat/labels com client_id=11
2026-09-22 19:40:50 [INFO] [webhooks.leads_modules.listing]: 📊 Buscando leads para webhook 113 na tabela leads (Page: 1, Size: 20, Search: None)
2026-09-22 19:40:50 [INFO] [core.websocket]: Nova conexão WebSocket estabelecida. Total local: 1
2026-09-22 19:40:50 [INFO] [webhooks.leads_modules.listing]: ✅ Encontrados 20 leads de um total de 1502.
2026-09-22 19:40:50 [INFO] [webhooks.leads_modules.listing]: 📊 Buscando leads para webhook 113 na tabela leads (Page: 1, Size: 20, Search: None)
2026-09-22 19:40:50 [INFO] [webhooks.leads_modules.listing]: ✅ Encontrados 20 leads de um total de 1502.
2026-09-22 19:40:50 [INFO] [webhooks.leads_modules.listing]: 📊 Buscando leads para webhook 113 na tabela leads (Page: 1, Size: 20, Search: None)
2026-09-22 19:40:50 [INFO] [webhooks.leads_modules.listing]: ✅ Encontrados 20 leads de um total de 1502.
2026-09-22 19:40:51 [INFO] [webhooks.leads_modules.listing]: 📊 Buscando leads para webhook 113 na tabela leads (Page: 2, Size: 20, Search: None)
2026-09-22 19:40:51 [INFO] [webhooks.leads_modules.listing]: ✅ Encontrados 20 leads de um total de 1502.
2026-09-22 19:40:51 [INFO] [api.routers.tools]: [LABELS] ZapVoice respondeu 502: <!DOCTYPE html>
<!--[if lt IE 7]> <html class="no-js ie6 oldie" lang="en-US"> <![endif]-->
<!--[if IE 7]>    <html class="no-js ie7 oldie" lang="en-US"> <![endif]-->
<!--[if IE 8]>    <html class="no-
2026-09-22 19:40:51 [WARNING] [api.routers.tools]: ZapVoice retornou status 502 ao buscar etiquetas.
2026-09-22 19:40:51 [INFO] [api.routers.tools]: [LABELS] ZapVoice respondeu 502: <!DOCTYPE html>
<!--[if lt IE 7]> <html class="no-js ie6 oldie" lang="en-US"> <![endif]-->
<!--[if IE 7]>    <html class="no-js ie7 oldie" lang="en-US"> <![endif]-->
<!--[if IE 8]>    <html class="no-
2026-09-22 19:40:51 [WARNING] [api.routers.tools]: ZapVoice retornou status 502 ao buscar etiquetas.
2026-09-22 19:40:51 [INFO] [core.websocket]: Conexão WebSocket encerrada. Total local: 0
2026-09-22 19:40:52 [INFO] [api.routers.tools]: [LABELS] Chamando ZapVoice: https://api.aryaraj.shop/api/chat/labels com client_id=11
2026-09-22 19:40:52 [INFO] [api.routers.tools]: [LABELS] Chamando ZapVoice: https://api.aryaraj.shop/api/chat/labels com client_id=11
2026-09-22 19:40:52 [INFO] [api.routers.tools]: [LABELS] ZapVoice respondeu 502: <!DOCTYPE html>
<!--[if lt IE 7]> <html class="no-js ie6 oldie" lang="en-US"> <![endif]-->
<!--[if IE 7]>    <html class="no-js ie7 oldie" lang="en-US"> <![endif]-->
<!--[if IE 8]>    <html class="no-
2026-09-22 19:40:52 [WARNING] [api.routers.tools]: ZapVoice retornou status 502 ao buscar etiquetas.
2026-09-22 19:40:52 [INFO] [api.routers.tools]: [LABELS] ZapVoice respondeu 502: <!DOCTYPE html>
<!--[if lt IE 7]> <html class="no-js ie6 oldie" lang="en-US"> <![endif]-->
<!--[if IE 7]>    <html class="no-js ie7 oldie" lang="en-US"> <![endif]-->
<!--[if IE 8]>    <html class="no-
2026-09-22 19:40:52 [WARNING] [api.routers.tools]: ZapVoice retornou status 502 ao buscar etiquetas.
2026-09-22 19:40:53 [ERROR] [zapvoice_utils]: ❌ Erro ao buscar templates no ZapVoice: 502 - <!DOCTYPE html>
<!--[if lt IE 7]> <html class="no-js ie6 oldie" lang="en-US"> <![endif]-->
<!--[if IE 7]>    <html class="no-js ie7 oldie" lang="en-US"> <![endif]-->
<!--[if IE 8]>    <html class="no-js ie8 oldie" lang="en-US"> <![endif]-->
<!--[if gt IE 8]><!--> <html class="no-js" lang="en-US"> <!--<![endif]-->
<head>

<title>aryaraj.shop | 502: Bad gateway</title>
<meta charset="UTF-8" />
<meta http-equiv="Content-Type" content="text/html; charset=UTF-8" />
<meta http-equiv="X-UA-Compatible" content="IE=Edge" />
<meta name="robots" content="noindex, nofollow" />
<meta name="viewport" content="width=device-width,initial-scale=1" />
<link rel="stylesheet" id="cf_styles-css" href="/cdn-cgi/styles/main.css" />
</head>
<body>
<div id="cf-wrapper">
    <div id="cf-error-details" class="p-0">
        <header class="mx-auto pt-10 lg:pt-6 lg:px-8 w-240 lg:w-full mb-8">
            <h1 class="inline-block sm:block sm:mb-2 font-light text-60 lg:text-4xl text-black-dark leading-tight mr-2">
                <span class="inline-block">Bad gateway</span>
                <span class="code-label">Error code 502</span>
            </h1>
            <div>
                Visit <a href="https://www.cloudflare.com/5xx-error-landing?utm_source=errorcode_502&utm_campaign=api.aryaraj.shop" target="_blank" rel="noopener noreferrer">cloudflare.com</a> for more information.
            </div>
            <div class="mt-3">2026-09-22 19:41:00 UTC</div>
        </header>
        <div class="my-8 bg-gradient-gray">
            <div class="w-240 lg:w-full mx-auto">
                <div class="clearfix md:px-8">
                    <div id="cf-browser-status" class=" relative w-1/3 md:w-full py-15 md:p-0 md:py-8 md:text-left md:border-solid md:border-0 md:border-b md:border-gray-400 overflow-hidden float-left md:float-none text-center">
  <div class="relative mb-10 md:m-0">
    
    <span class="cf-icon-browser block md:hidden h-20 bg-center bg-no-repeat"></span>
    <span class="cf-icon-ok w-12 h-12 absolute left-1/2 md:left-auto md:right-0 md:top-0 -ml-6 -bottom-4"></span>
    
  </div>
  <span class="md:block w-full truncate">You</span>
  <h3 class="md:inline-block mt-3 md:mt-0 text-2xl text-gray-600 font-light leading-1.3">
  
    Browser
  
  </h3>
  
  <span class="leading-1.3 text-2xl text-green-success">Working</span>
  
</div>
                    <div id="cf-cloudflare-status" class=" relative w-1/3 md:w-full py-15 md:p-0 md:py-8 md:text-left md:border-solid md:border-0 md:border-b md:border-gray-400 overflow-hidden float-left md:float-none text-center">
  <div class="relative mb-10 md:m-0">
    <a href="https://www.cloudflare.com/5xx-error-landing?utm_source=errorcode_502&#38;utm_campaign=api.aryaraj.shop" target="_blank" rel="noopener noreferrer">
    <span class="cf-icon-cloud block md:hidden h-20 bg-center bg-no-repeat"></span>
    <span class="cf-icon-ok w-12 h-12 absolute left-1/2 md:left-auto md:right-0 md:top-0 -ml-6 -bottom-4"></span>
    </a>
  </div>
  <span class="md:block w-full truncate">São Paulo</span>
  <h3 class="md:inline-block mt-3 md:mt-0 text-2xl text-gray-600 font-light leading-1.3">
  <a href="https://www.cloudflare.com/5xx-error-landing?utm_source=errorcode_502&utm_campaign=api.aryaraj.shop" target="_blank" rel="noopener noreferrer">
    Cloudflare
  </a>
  </h3>
  
  <span class="leading-1.3 text-2xl text-green-success">Working</span>
  
</div>
                    <div id="cf-host-status" class="cf-error-source relative w-1/3 md:w-full py-15 md:p-0 md:py-8 md:text-left md:border-solid md:border-0 md:border-b md:border-gray-400 overflow-hidden float-left md:float-none text-center">
  <div class="relative mb-10 md:m-0">
    
    <span class="cf-icon-server block md:hidden h-20 bg-center bg-no-repeat"></span>
    <span class="cf-icon-error w-12 h-12 absolute left-1/2 md:left-auto md:right-0 md:top-0 -ml-6 -bottom-4"></span>
    
  </div>
  <span class="md:block w-full truncate">api.aryaraj.shop</span>
  <h3 class="md:inline-block mt-3 md:mt-0 text-2xl text-gray-600 font-light leading-1.3">
  
    Host
  
  </h3>
  
  <span class="leading-1.3 text-2xl text-red-error">Error</span>
  
</div>
                </div>
            </div>
        </div>

        <div class="w-240 lg:w-full mx-auto mb-8 lg:px-8">
            <div class="clearfix">
                <div class="w-1/2 md:w-full float-left pr-6 md:pb-10 md:pr-0 leading-relaxed">
                    <h2 class="text-3xl font-normal leading-1.3 mb-4">What happened?</h2>
                    <p>The web server reported a bad gateway error.</p>
                </div>
                <div class="w-1/2 md:w-full float-left leading-relaxed">
                    <h2 class="text-3xl font-normal leading-1.3 mb-4">What can I do?</h2>
                    <p class="mb-6">Please try again in a few minutes.</p>
                </div>
            </div>
        </div>

        <div class="cf-error-footer cf-wrapper w-240 lg:w-full py-10 sm:py-4 sm:px-8 mx-auto text-center sm:text-left border-solid border-0 border-t border-gray-300">
    <p class="text-13">
      <span class="cf-footer-item sm:block sm:mb-1">Cloudflare Ray ID: <strong class="font-semibold">a3f3c8dccfeb4b9c</strong></span>
      <span class="cf-footer-separator sm:hidden">&bull;</span>
      <span id="cf-footer-item-ip" class="cf-footer-item hidden sm:block sm:mb-1">
        Your IP:
        <button type="button" id="cf-footer-ip-reveal" class="cf-footer-ip-reveal-btn">Click to reveal</button>
        <span class="hidden" id="cf-footer-ip">187.18.215.94</span>
        <span class="cf-footer-separator sm:hidden">&bull;</span>
      </span>
      <span class="cf-footer-item sm:block sm:mb-1"><span>Performance &amp; security by</span> <a rel="noopener noreferrer" href="https://www.cloudflare.com/5xx-error-landing?utm_source=errorcode_502&#38;utm_campaign=api.aryaraj.shop" id="brand_link" target="_blank">Cloudflare</a></span>
      
    </p>
    <script>(function(){function d(){var b=a.getElementById("cf-footer-item-ip"),c=a.getElementById("cf-footer-ip-reveal");b&&"classList"in b&&(b.classList.remove("hidden"),c.addEventListener("click",function(){c.classList.add("hidden");a.getElementById("cf-footer-ip").classList.remove("hidden")}))}var a=document;document.addEventListener&&a.addEventListener("DOMContentLoaded",d)})();</script>
  </div><!-- /.error-footer -->

    </div>
</div>
</body>
</html>
2026-09-22 19:40:55 [INFO] [database.connection]: 🔍 [JANITOR DB] Pool Status -> Size: 25, CheckedOut: 0, Overflow: -19
2026-09-22 19:41:40 [INFO] [database.connection]: 🔍 [JANITOR DB] Pool Status -> Size: 25, CheckedOut: 0, Overflow: -19
2026-09-22 19:42:24 [INFO] [api.routers.tools]: [LABELS] Config ZapVoice recuperada via fallback do WebhookConfig: url=https://api.aryaraj.shop, client_id=11
2026-09-22 19:42:24 [INFO] [api.routers.tools]: [LABELS] Chamando ZapVoice: https://api.aryaraj.shop/api/chat/labels com client_id=11
2026-09-22 19:42:24 [INFO] [api.routers.tools]: [LABELS] Config ZapVoice recuperada via fallback do WebhookConfig: url=https://api.aryaraj.shop, client_id=11
2026-09-22 19:42:24 [INFO] [api.routers.tools]: [LABELS] Chamando ZapVoice: https://api.aryaraj.shop/api/chat/labels com client_id=11
2026-09-22 19:42:24 [INFO] [api.routers.tools]: [LABELS] ZapVoice respondeu 200: ["compra_aprovada_bussula","pepepopo","teste_do_amor","tettotoklkkkllklklkl"]
2026-09-22 19:42:24 [INFO] [api.routers.tools]: [LABELS] ZapVoice respondeu 200: ["compra_aprovada_bussula","pepepopo","teste_do_amor","tettotoklkkkllklklkl"]
2026-09-22 19:42:25 [INFO] [database.connection]: 🔍 [JANITOR DB] Pool Status -> Size: 25, CheckedOut: 0, Overflow: -19
2026-09-22 19:42:27 [INFO] [api.routers.tools]: [LABELS] Chamando ZapVoice: https://api.aryaraj.shop/api/chat/labels com client_id=11
2026-09-22 19:42:27 [INFO] [api.routers.tools]: [LABELS] Chamando ZapVoice: https://api.aryaraj.shop/api/chat/labels com client_id=11
2026-09-22 19:42:28 [INFO] [api.routers.tools]: [LABELS] ZapVoice respondeu 200: ["compra_aprovada_bussula","pepepopo","teste_do_amor","tettotoklkkkllklklkl"]
2026-09-22 19:42:28 [INFO] [api.routers.tools]: [LABELS] ZapVoice respondeu 200: ["compra_aprovada_bussula","pepepopo","teste_do_amor","tettotoklkkkllklklkl"]
2026-09-22 19:43:10 [INFO] [database.connection]: 🔍 [JANITOR DB] Pool Status -> Size: 25, CheckedOut: 0, Overflow: -19
2026-09-22 19:43:55 [INFO] [database.connection]: 🔍 [JANITOR DB] Pool Status -> Size: 25, CheckedOut: 0, Overflow: -19
2026-09-22 19:44:40 [INFO] [database.connection]: 🔍 [JANITOR DB] Pool Status -> Size: 25, CheckedOut: 0, Overflow: -19
2026-09-22 19:45:25 [INFO] [database.connection]: 🔍 [JANITOR DB] Pool Status -> Size: 25, CheckedOut: 0, Overflow: -19
2026-09-22 19:45:48 [INFO] [webhooks.receiver]: 📩 Webhook: Integração WhatsApp & ZapVoice | De: 5585998259497 | Msg: O atendente Super Admin adicio... | Account: 11 | Inbox: 11 | Conv: 28018 | Contact: 5585998259497
2026-09-22 19:45:48 [INFO] [webhooks.receiver]: ✅ Mensagem de saída (Atendente) gravada em webhook_events: ID 73165 para 5585998259497
2026-09-22 19:46:10 [INFO] [database.connection]: 🔍 [JANITOR DB] Pool Status -> Size: 25, CheckedOut: 0, Overflow: -19
2026-09-22 19:46:55 [INFO] [database.connection]: 🔍 [JANITOR DB] Pool Status -> Size: 25, CheckedOut: 0, Overflow: -19
2026-09-22 19:47:40 [INFO] [database.connection]: 🔍 [JANITOR DB] Pool Status -> Size: 25, CheckedOut: 0, Overflow: -19
2026-09-22 19:48:25 [INFO] [database.connection]: 🔍 [JANITOR DB] Pool Status -> Size: 25, CheckedOut: 0, Overflow: -19
2026-09-22 19:49:10 [INFO] [database.connection]: 🔍 [JANITOR DB] Pool Status -> Size: 25, CheckedOut: 0, Overflow: -19
2026-09-22 19:49:55 [INFO] [database.connection]: 🔍 [JANITOR DB] Pool Status -> Size: 25, CheckedOut: 0, Overflow: -19
2026-09-22 19:50:40 [INFO] [database.connection]: 🔍 [JANITOR DB] Pool Status -> Size: 25, CheckedOut: 0, Overflow: -19
2026-09-22 19:51:25 [INFO] [database.connection]: 🔍 [JANITOR DB] Pool Status -> Size: 25, CheckedOut: 0, Overflow: -19
2026-09-22 19:52:10 [INFO] [database.connection]: 🔍 [JANITOR DB] Pool Status -> Size: 25, CheckedOut: 0, Overflow: -19
2026-09-22 19:52:55 [INFO] [database.connection]: 🔍 [JANITOR DB] Pool Status -> Size: 25, CheckedOut: 0, Overflow: -19
2026-09-22 19:53:40 [INFO] [database.connection]: 🔍 [JANITOR DB] Pool Status -> Size: 25, CheckedOut: 0, Overflow: -19
2026-09-22 19:54:25 [INFO] [database.connection]: 🔍 [JANITOR DB] Pool Status -> Size: 25, CheckedOut: 0, Overflow: -19
2026-09-22 19:55:10 [INFO] [database.connection]: 🔍 [JANITOR DB] Pool Status -> Size: 25, CheckedOut: 0, Overflow: -19
2026-09-22 19:55:55 [INFO] [database.connection]: 🔍 [JANITOR DB] Pool Status -> Size: 25, CheckedOut: 0, Overflow: -19
2026-09-22 19:56:28 [INFO] [webhooks.receiver]: 📩 Webhook: Integração WhatsApp & ZapVoice | De: 5585998259497 | Msg: oie... | Account: 11 | Inbox: 11 | Conv: 28018 | Contact: 5585998259497
2026-09-22 19:56:28 [INFO] [webhooks.receiver]: 💾 [MEMÓRIA RECEBIDA] Mensagem registrada no lead (5585998259497) | Autor: atendente | Nome: Aryaraj Fernandes | Texto: 'oie'
2026-09-22 19:56:28 [INFO] [webhooks.receiver]: ✅ Mensagem de saída (Atendente) gravada em webhook_events: ID 73166 para 5585998259497
2026-09-22 19:56:40 [INFO] [database.connection]: 🔍 [JANITOR DB] Pool Status -> Size: 25, CheckedOut: 0, Overflow: -19
2026-09-22 19:57:25 [INFO] [database.connection]: 🔍 [JANITOR DB] Pool Status -> Size: 25, CheckedOut: 0, Overflow: -19
2026-09-22 19:58:10 [INFO] [database.connection]: 🔍 [JANITOR DB] Pool Status -> Size: 25, CheckedOut: 0, Overflow: -19
2026-09-22 19:58:55 [INFO] [database.connection]: 🔍 [JANITOR DB] Pool Status -> Size: 25, CheckedOut: 0, Overflow: -19
2026-09-22 19:59:40 [INFO] [database.connection]: 🔍 [JANITOR DB] Pool Status -> Size: 25, CheckedOut: 0, Overflow: -19
2026-09-22 20:00:25 [INFO] [database.connection]: 🔍 [JANITOR DB] Pool Status -> Size: 25, CheckedOut: 0, Overflow: -19
2026-09-22 20:00:36 [INFO] [core.logging_setup]: 📁 Log persistente ativo em /app/logs/backend.log
2026-09-22 20:00:44 [WARNING] [api.main]: ⚠️ session_analysis não encontrado.
2026-09-22 20:00:49 [INFO] [database]: 🧪 Modo de teste detectado. Pulando init_db.
2026-09-22 20:01:08 [INFO] [core.logging_setup]: 📁 Log persistente ativo em /app/logs/backend.log
2026-09-22 20:01:10 [INFO] [database.connection]: 🔍 [JANITOR DB] Pool Status -> Size: 25, CheckedOut: 0, Overflow: -19
2026-09-22 20:01:15 [WARNING] [api.main]: ⚠️ session_analysis não encontrado.
2026-09-22 20:01:55 [INFO] [database.connection]: 🔍 [JANITOR DB] Pool Status -> Size: 25, CheckedOut: 0, Overflow: -19
2026-09-22 20:02:23 [INFO] [core.logging_setup]: 📁 Log persistente ativo em /app/logs/backend.log
2026-09-22 20:02:29 [WARNING] [api.main]: ⚠️ session_analysis não encontrado.
2026-09-22 20:02:37 [INFO] [services.followup_modules.dispatcher]: [FollowUp] Lead enviou a última mensagem na conversa 100. Cancelando envio do follow-up.
2026-09-22 20:02:37 [INFO] [database]: 🧪 Modo de teste detectado. Pulando init_db.
2026-09-22 20:02:40 [INFO] [database.connection]: 🔍 [JANITOR DB] Pool Status -> Size: 25, CheckedOut: 0, Overflow: -19
2026-09-22 20:03:25 [INFO] [database.connection]: 🔍 [JANITOR DB] Pool Status -> Size: 25, CheckedOut: 0, Overflow: -19
2026-09-22 20:04:10 [INFO] [database.connection]: 🔍 [JANITOR DB] Pool Status -> Size: 25, CheckedOut: 0, Overflow: -19
2026-09-22 20:04:55 [INFO] [database.connection]: 🔍 [JANITOR DB] Pool Status -> Size: 25, CheckedOut: 0, Overflow: -19
2026-09-22 20:05:15 [INFO] [webhooks.receiver]: 📩 Webhook: Integração WhatsApp & ZapVoice | De: 5585998259497 | Msg: O atendente Super Admin remove... | Account: 11 | Inbox: 11 | Conv: 28018 | Contact: 5585998259497
2026-09-22 20:05:15 [INFO] [webhooks.receiver]: ✅ Mensagem de saída (Atendente) gravada em webhook_events: ID 73168 para 5585998259497
2026-09-22 20:05:40 [INFO] [database.connection]: 🔍 [JANITOR DB] Pool Status -> Size: 25, CheckedOut: 0, Overflow: -19
2026-09-22 20:06:25 [INFO] [database.connection]: 🔍 [JANITOR DB] Pool Status -> Size: 25, CheckedOut: 0, Overflow: -19
2026-09-22 20:07:10 [INFO] [database.connection]: 🔍 [JANITOR DB] Pool Status -> Size: 25, CheckedOut: 0, Overflow: -19
2026-09-22 20:07:55 [INFO] [database.connection]: 🔍 [JANITOR DB] Pool Status -> Size: 25, CheckedOut: 0, Overflow: -19
2026-09-22 20:08:40 [INFO] [database.connection]: 🔍 [JANITOR DB] Pool Status -> Size: 25, CheckedOut: 0, Overflow: -19
2026-09-22 20:09:25 [INFO] [database.connection]: 🔍 [JANITOR DB] Pool Status -> Size: 25, CheckedOut: 0, Overflow: -19
2026-09-22 20:10:10 [INFO] [database.connection]: 🔍 [JANITOR DB] Pool Status -> Size: 25, CheckedOut: 0, Overflow: -19
2026-09-22 20:10:27 [INFO] [webhooks.receiver]: 📩 Webhook: Integração WhatsApp & ZapVoice | De: 5585998259497 | Msg: O atendente Super Admin adicio... | Account: 11 | Inbox: 11 | Conv: 28018 | Contact: 5585998259497
2026-09-22 20:10:27 [INFO] [webhooks.receiver]: ✅ Mensagem de saída (Atendente) gravada em webhook_events: ID 73169 para 5585998259497
2026-09-22 20:10:55 [INFO] [database.connection]: 🔍 [JANITOR DB] Pool Status -> Size: 25, CheckedOut: 0, Overflow: -19
2026-09-22 20:11:37 [ERROR] [core.websocket]: Erro no listener do Redis: Connection closed by server.
2026-09-22 20:11:38 [INFO] [api.main]: 🛑 API Modular encerrando...
2026-09-22 20:11:51 [INFO] [core.logging_setup]: 📁 Log persistente ativo em /app/logs/backend.log
2026-09-22 20:11:51 [INFO] [database.sync]: ✨ Banco de dados 'ai_agent_db' já existe.
2026-09-22 20:11:51 [INFO] [database.sync]: 🔍 Iniciando auto-sincronização de schema...
2026-09-22 20:11:51 [INFO] [database.sync]: Checking table: agent_tools
2026-09-22 20:11:51 [INFO] [database.sync]: Checking table: agent_knowledge_bases
2026-09-22 20:11:51 [INFO] [database.sync]: Checking table: interaction_logs
2026-09-22 20:11:51 [INFO] [database.sync]: Checking table: session_summaries
2026-09-22 20:11:51 [INFO] [database.sync]: Checking table: knowledge_bases
2026-09-22 20:11:51 [INFO] [database.sync]: Checking table: knowledge_items
2026-09-22 20:11:51 [INFO] [database.sync]: Checking table: agent_config
2026-09-22 20:11:51 [INFO] [database.sync]: Checking table: tools
2026-09-22 20:11:51 [INFO] [database.sync]: Checking table: prompt_drafts
2026-09-22 20:11:51 [INFO] [database.sync]: Checking table: user_memory
2026-09-22 20:11:51 [INFO] [database.sync]: Checking table: feedback_logs
2026-09-22 20:11:51 [INFO] [database.sync]: Checking table: google_tokens
2026-09-22 20:11:51 [INFO] [database.sync]: Checking table: global_context_variables
2026-09-22 20:11:51 [INFO] [database.sync]: Checking table: users
2026-09-22 20:11:51 [INFO] [database.sync]: Checking table: user_invites
2026-09-22 20:11:52 [INFO] [database.sync]: Checking table: unanswered_questions
2026-09-22 20:11:52 [INFO] [database.sync]: Checking table: support_requests
2026-09-22 20:11:52 [INFO] [database.sync]: Checking table: webhook_configs
2026-09-22 20:11:52 [INFO] [database.sync]: Checking table: webhook_events
2026-09-22 20:11:52 [INFO] [database.sync]: Checking table: transcription_folders
2026-09-22 20:11:52 [INFO] [database.sync]: Checking table: transcription_tasks
2026-09-22 20:11:52 [INFO] [database.sync]: Checking table: scheduled_triggers
2026-09-22 20:11:52 [INFO] [database.sync]: Checking table: message_status
2026-09-22 20:11:52 [INFO] [database.sync]: Checking table: user_question_embeddings
2026-09-22 20:11:52 [INFO] [database.sync]: Checking table: objection_clusters
2026-09-22 20:11:52 [INFO] [database.sync]: Checking table: objection_cluster_messages
2026-09-22 20:11:52 [INFO] [database.sync]: Checking table: backup_configs
2026-09-22 20:11:52 [INFO] [database.sync]: Checking table: backup_history
2026-09-22 20:11:52 [INFO] [database.sync]: Checking table: sales
2026-09-22 20:11:52 [INFO] [database.sync]: Checking table: calendar_events
2026-09-22 20:11:52 [INFO] [database.sync]: Checking table: testimonial_categories
2026-09-22 20:11:52 [INFO] [database.sync]: Checking table: testimonials
2026-09-22 20:11:52 [INFO] [database.sync]: Checking table: sent_testimonials
2026-09-22 20:11:52 [INFO] [database.sync]: Checking table: leads
2026-09-22 20:11:52 [INFO] [database.sync]: Checking table: semantic_caches
2026-09-22 20:11:52 [INFO] [database.sync]: Checking table: question_funnels
2026-09-22 20:11:52 [INFO] [database.sync]: ✅ Sincronização de schema concluída.
2026-09-22 20:11:52 [INFO] [database]: ✅ Inicialização do banco de dados concluída com sucesso!
2026-09-22 20:11:53 [INFO] [core.logging_setup]: 📁 Log persistente ativo em /app/logs/backend.log
2026-09-22 20:11:53 [INFO] [core.logging_setup]: 📁 Log persistente ativo em /app/logs/backend.log
2026-09-22 20:11:53 [INFO] [core.logging_setup]: 📁 Log persistente ativo em /app/logs/backend.log
2026-09-22 20:11:55 [INFO] [core.logging_setup]: 📁 Log persistente ativo em /app/logs/backend.log
2026-09-22 20:12:02 [WARNING] [api.main]: ⚠️ session_analysis não encontrado.
2026-09-22 20:12:03 [INFO] [api.main]: 🚀 API Modular iniciando...
2026-09-22 20:12:04 [INFO] [database.sync]: ✨ Banco de dados 'ai_agent_db' já existe.
2026-09-22 20:12:04 [INFO] [database.sync]: 🔍 Iniciando auto-sincronização de schema...
2026-09-22 20:12:04 [INFO] [database.sync]: Checking table: agent_tools
2026-09-22 20:12:04 [INFO] [database.sync]: Checking table: agent_knowledge_bases
2026-09-22 20:12:04 [INFO] [database.sync]: Checking table: interaction_logs
2026-09-22 20:12:04 [INFO] [database.sync]: Checking table: session_summaries
2026-09-22 20:12:04 [INFO] [database.sync]: Checking table: knowledge_bases
2026-09-22 20:12:04 [INFO] [database.sync]: Checking table: knowledge_items
2026-09-22 20:12:04 [INFO] [database.sync]: Checking table: agent_config
2026-09-22 20:12:04 [INFO] [database.sync]: Checking table: tools
2026-09-22 20:12:04 [INFO] [database.sync]: Checking table: prompt_drafts
2026-09-22 20:12:04 [INFO] [database.sync]: Checking table: user_memory
2026-09-22 20:12:04 [INFO] [database.sync]: Checking table: feedback_logs
2026-09-22 20:12:04 [INFO] [database.sync]: Checking table: google_tokens
2026-09-22 20:12:04 [INFO] [database.sync]: Checking table: global_context_variables
2026-09-22 20:12:04 [INFO] [database.sync]: Checking table: users
2026-09-22 20:12:04 [INFO] [database.sync]: Checking table: user_invites
2026-09-22 20:12:04 [INFO] [database.sync]: Checking table: unanswered_questions
2026-09-22 20:12:04 [INFO] [database.sync]: Checking table: support_requests
2026-09-22 20:12:04 [INFO] [database.sync]: Checking table: webhook_configs
2026-09-22 20:12:04 [INFO] [database.sync]: Checking table: webhook_events
2026-09-22 20:12:04 [INFO] [database.sync]: Checking table: transcription_folders
2026-09-22 20:12:04 [INFO] [database.sync]: Checking table: transcription_tasks
2026-09-22 20:12:04 [INFO] [database.sync]: Checking table: scheduled_triggers
2026-09-22 20:12:04 [INFO] [database.sync]: Checking table: message_status
2026-09-22 20:12:04 [INFO] [database.sync]: Checking table: user_question_embeddings
2026-09-22 20:12:04 [INFO] [database.sync]: Checking table: objection_clusters
2026-09-22 20:12:04 [INFO] [database.sync]: Checking table: objection_cluster_messages
2026-09-22 20:12:04 [INFO] [database.sync]: Checking table: backup_configs
2026-09-22 20:12:04 [INFO] [database.sync]: Checking table: backup_history
2026-09-22 20:12:04 [INFO] [database.sync]: Checking table: sales
2026-09-22 20:12:04 [INFO] [database.sync]: Checking table: calendar_events
2026-09-22 20:12:04 [INFO] [database.sync]: Checking table: testimonial_categories
2026-09-22 20:12:04 [INFO] [database.sync]: Checking table: testimonials
2026-09-22 20:12:04 [INFO] [database.sync]: Checking table: sent_testimonials
2026-09-22 20:12:04 [INFO] [database.sync]: Checking table: leads
2026-09-22 20:12:04 [INFO] [database.sync]: Checking table: semantic_caches
2026-09-22 20:12:04 [INFO] [database.sync]: Checking table: question_funnels
2026-09-22 20:12:04 [INFO] [database.sync]: ✅ Sincronização de schema concluída.
2026-09-22 20:12:04 [INFO] [database]: ✅ Inicialização do banco de dados concluída com sucesso!
2026-09-22 20:12:04 [INFO] [api.main]: ✅ Banco de dados inicializado.
2026-09-22 20:12:04 [INFO] [core.websocket]: 📡 Redis conectado (Listener: True)
2026-09-22 20:12:04 [INFO] [core.websocket]: 👂 Listener Redis Pub/Sub iniciado.
2026-09-22 20:12:04 [INFO] [api.main]: 🧹 [JANITOR DB] Worker de monitoramento do pool ativado (intervalo: 45s).
2026-09-22 20:12:49 [INFO] [database.connection]: 🔍 [JANITOR DB] Pool Status -> Size: 25, CheckedOut: 0, Overflow: -24
2026-09-22 20:13:34 [INFO] [database.connection]: 🔍 [JANITOR DB] Pool Status -> Size: 25, CheckedOut: 0, Overflow: -24
2026-09-22 20:14:19 [INFO] [database.connection]: 🔍 [JANITOR DB] Pool Status -> Size: 25, CheckedOut: 0, Overflow: -24
2026-09-22 20:15:04 [INFO] [database.connection]: 🔍 [JANITOR DB] Pool Status -> Size: 25, CheckedOut: 0, Overflow: -24
2026-09-22 20:15:49 [INFO] [database.connection]: 🔍 [JANITOR DB] Pool Status -> Size: 25, CheckedOut: 0, Overflow: -24
2026-09-22 20:16:34 [INFO] [database.connection]: 🔍 [JANITOR DB] Pool Status -> Size: 25, CheckedOut: 0, Overflow: -21
2026-09-22 20:16:36 [INFO] [api.routers.tools]: [LABELS] Config ZapVoice recuperada via fallback do WebhookConfig: url=https://api.aryaraj.shop, client_id=11
2026-09-22 20:16:36 [INFO] [api.routers.tools]: [LABELS] Chamando ZapVoice: https://api.aryaraj.shop/api/chat/labels com client_id=11
2026-09-22 20:16:36 [INFO] [api.routers.tools]: [LABELS] Config ZapVoice recuperada via fallback do WebhookConfig: url=https://api.aryaraj.shop, client_id=11
2026-09-22 20:16:36 [INFO] [api.routers.tools]: [LABELS] Chamando ZapVoice: https://api.aryaraj.shop/api/chat/labels com client_id=11
2026-09-22 20:16:36 [INFO] [api.routers.tools]: [LABELS] ZapVoice respondeu 200: ["compra_aprovada_bussula","pepepopop","porrrrrrrrr","teste_do_amor","tete-toto","tettotoklkkkllklklkl"]
2026-09-22 20:16:36 [INFO] [api.routers.tools]: [LABELS] ZapVoice respondeu 200: ["compra_aprovada_bussula","pepepopop","porrrrrrrrr","teste_do_amor","tete-toto","tettotoklkkkllklklkl"]
2026-09-22 20:16:38 [INFO] [api.routers.tools]: [LABELS] Chamando ZapVoice: https://api.aryaraj.shop/api/chat/labels com client_id=11
2026-09-22 20:16:38 [INFO] [api.routers.tools]: [LABELS] Chamando ZapVoice: https://api.aryaraj.shop/api/chat/labels com client_id=11
2026-09-22 20:16:39 [INFO] [api.routers.tools]: [LABELS] ZapVoice respondeu 200: ["compra_aprovada_bussula","pepepopop","porrrrrrrrr","teste_do_amor","tete-toto","tettotoklkkkllklklkl"]
2026-09-22 20:16:39 [INFO] [api.routers.tools]: [LABELS] ZapVoice respondeu 200: ["compra_aprovada_bussula","pepepopop","porrrrrrrrr","teste_do_amor","tete-toto","tettotoklkkkllklklkl"]
2026-09-22 20:16:41 [INFO] [zapvoice_utils]: ✅ 8 templates WhatsApp recuperados do ZapVoice.
2026-09-22 20:17:19 [INFO] [database.connection]: 🔍 [JANITOR DB] Pool Status -> Size: 25, CheckedOut: 0, Overflow: -19
2026-09-22 20:17:31 [INFO] [api.routers.tools]: [LABELS] Config ZapVoice recuperada via fallback do WebhookConfig: url=https://api.aryaraj.shop, client_id=11
2026-09-22 20:17:31 [INFO] [api.routers.tools]: [LABELS] Chamando ZapVoice: https://api.aryaraj.shop/api/chat/labels com client_id=11
2026-09-22 20:17:31 [INFO] [api.routers.tools]: [LABELS] Config ZapVoice recuperada via fallback do WebhookConfig: url=https://api.aryaraj.shop, client_id=11
2026-09-22 20:17:31 [INFO] [api.routers.tools]: [LABELS] Chamando ZapVoice: https://api.aryaraj.shop/api/chat/labels com client_id=11
2026-09-22 20:17:31 [INFO] [api.routers.tools]: [LABELS] ZapVoice respondeu 200: ["compra_aprovada_bussula","pepepopop","porrrrrrrrr","teste_do_amor","tete-toto","tettotoklkkkllklklkl"]
2026-09-22 20:17:31 [INFO] [api.routers.tools]: [LABELS] ZapVoice respondeu 200: ["compra_aprovada_bussula","pepepopop","porrrrrrrrr","teste_do_amor","tete-toto","tettotoklkkkllklklkl"]
2026-09-22 20:17:33 [INFO] [api.routers.tools]: [LABELS] Chamando ZapVoice: https://api.aryaraj.shop/api/chat/labels com client_id=11
2026-09-22 20:17:33 [INFO] [api.routers.tools]: [LABELS] Chamando ZapVoice: https://api.aryaraj.shop/api/chat/labels com client_id=11
2026-09-22 20:17:34 [INFO] [api.routers.tools]: [LABELS] ZapVoice respondeu 200: ["compra_aprovada_bussula","pepepopop","porrrrrrrrr","teste_do_amor","tete-toto","tettotoklkkkllklklkl"]
2026-09-22 20:17:34 [INFO] [api.routers.tools]: [LABELS] ZapVoice respondeu 200: ["compra_aprovada_bussula","pepepopop","porrrrrrrrr","teste_do_amor","tete-toto","tettotoklkkkllklklkl"]
2026-09-22 20:17:36 [INFO] [zapvoice_utils]: ✅ 8 templates WhatsApp recuperados do ZapVoice.
2026-09-22 20:18:04 [INFO] [database.connection]: 🔍 [JANITOR DB] Pool Status -> Size: 25, CheckedOut: 0, Overflow: -19
2026-09-22 20:18:49 [INFO] [database.connection]: 🔍 [JANITOR DB] Pool Status -> Size: 25, CheckedOut: 0, Overflow: -19
2026-09-22 20:19:34 [INFO] [database.connection]: 🔍 [JANITOR DB] Pool Status -> Size: 25, CheckedOut: 0, Overflow: -19
2026-09-22 20:20:09 [INFO] [api.routers.tools]: [LABELS] Config ZapVoice recuperada via fallback do WebhookConfig: url=https://api.aryaraj.shop, client_id=11
2026-09-22 20:20:09 [INFO] [api.routers.tools]: [LABELS] Chamando ZapVoice: https://api.aryaraj.shop/api/chat/labels com client_id=11
2026-09-22 20:20:09 [INFO] [api.routers.tools]: [LABELS] Config ZapVoice recuperada via fallback do WebhookConfig: url=https://api.aryaraj.shop, client_id=11
2026-09-22 20:20:09 [INFO] [api.routers.tools]: [LABELS] Chamando ZapVoice: https://api.aryaraj.shop/api/chat/labels com client_id=11
2026-09-22 20:20:09 [INFO] [api.routers.tools]: [LABELS] ZapVoice respondeu 200: ["compra_aprovada_bussula","pepepopop","porrrrrrrrr","teste_do_amor","tete-toto","tettotoklkkkllklklkl"]
2026-09-22 20:20:09 [INFO] [api.routers.tools]: [LABELS] ZapVoice respondeu 200: ["compra_aprovada_bussula","pepepopop","porrrrrrrrr","teste_do_amor","tete-toto","tettotoklkkkllklklkl"]
2026-09-22 20:20:10 [INFO] [api.routers.tools]: [LABELS] Chamando ZapVoice: https://api.aryaraj.shop/api/chat/labels com client_id=11
2026-09-22 20:20:10 [INFO] [api.routers.tools]: [LABELS] Chamando ZapVoice: https://api.aryaraj.shop/api/chat/labels com client_id=11
2026-09-22 20:20:10 [INFO] [api.routers.tools]: [LABELS] ZapVoice respondeu 200: ["compra_aprovada_bussula","pepepopop","porrrrrrrrr","teste_do_amor","tete-toto","tettotoklkkkllklklkl"]
2026-09-22 20:20:10 [INFO] [api.routers.tools]: [LABELS] ZapVoice respondeu 200: ["compra_aprovada_bussula","pepepopop","porrrrrrrrr","teste_do_amor","tete-toto","tettotoklkkkllklklkl"]
2026-09-22 20:20:13 [INFO] [zapvoice_utils]: ✅ 8 templates WhatsApp recuperados do ZapVoice.
2026-09-22 20:20:19 [INFO] [database.connection]: 🔍 [JANITOR DB] Pool Status -> Size: 25, CheckedOut: 0, Overflow: -19
2026-09-22 20:21:03 [INFO] [webhooks.configs]: 💾 Webhook 'Integração WhatsApp & ZapVoice' atualizado (ID: 113, Agent: 203)
2026-09-22 20:21:03 [INFO] [api.routers.tools]: [LABELS] Config ZapVoice recuperada via fallback do WebhookConfig: url=https://api.aryaraj.shop, client_id=11
2026-09-22 20:21:03 [INFO] [api.routers.tools]: [LABELS] Chamando ZapVoice: https://api.aryaraj.shop/api/chat/labels com client_id=11
2026-09-22 20:21:03 [INFO] [api.routers.tools]: [LABELS] ZapVoice respondeu 200: ["compra_aprovada_bussula","pepepopop","porrrrrrrrr","teste_do_amor","tete-toto","tettotoklkkkllklklkl"]
2026-09-22 20:21:04 [INFO] [core.websocket]: Nova conexão WebSocket estabelecida. Total local: 1
2026-09-22 20:21:04 [INFO] [database.connection]: 🔍 [JANITOR DB] Pool Status -> Size: 25, CheckedOut: 2, Overflow: -19
2026-09-22 20:21:04 [INFO] [webhooks.leads_modules.listing]: 📊 Buscando leads para webhook 113 na tabela leads (Page: 1, Size: 20, Search: None)
2026-09-22 20:21:04 [INFO] [webhooks.leads_modules.listing]: ✅ Encontrados 20 leads de um total de 1502.
2026-09-22 20:21:04 [INFO] [webhooks.leads_modules.listing]: 📊 Buscando leads para webhook 113 na tabela leads (Page: 1, Size: 20, Search: None)
2026-09-22 20:21:04 [INFO] [webhooks.leads_modules.listing]: ✅ Encontrados 20 leads de um total de 1502.
2026-09-22 20:21:04 [INFO] [webhooks.leads_modules.listing]: 📊 Buscando leads para webhook 113 na tabela leads (Page: 1, Size: 20, Search: None)
2026-09-22 20:21:04 [INFO] [webhooks.leads_modules.listing]: ✅ Encontrados 20 leads de um total de 1502.
2026-09-22 20:21:06 [INFO] [webhooks.leads_modules.deletion]: 🗑️ Deletando leads em lote para webhook 113: [17907]
2026-09-22 20:21:06 [INFO] [webhooks.leads_modules.deletion]: 🗑️ Deletando em lote 1 leads e limpando dados para 1 telefones.
2026-09-22 20:21:06 [INFO] [webhooks.service]: 🗑️ Iniciando limpeza cross-platform de dados para 1 telefones e 1 IDs
2026-09-22 20:21:06 [INFO] [webhooks.service]: ✅ 1 leads removidos da tabela leads.
2026-09-22 20:21:07 [INFO] [webhooks.service]: ✅ 17 eventos removidos de todas as plataformas.
2026-09-22 20:21:07 [INFO] [webhooks.service]: ✅ Memórias e sumários removidos (interaction_logs preservados para métricas de custo).
2026-09-22 20:21:07 [INFO] [zapvoice_utils]: 🏷️ [BULK-RESET] Iniciando reset concorrente de etiquetas para 1 conversas no ZapVoice.
2026-09-22 20:21:07 [INFO] [core.websocket]: Broadcasting local via WebSocket: lead_deleted
2026-09-22 20:21:07 [INFO] [webhooks.leads_modules.listing]: 📊 Buscando leads para webhook 113 na tabela leads (Page: 1, Size: 20, Search: None)
2026-09-22 20:21:07 [INFO] [webhooks.leads_modules.listing]: ✅ Encontrados 20 leads de um total de 1501.
2026-09-22 20:21:07 [INFO] [zapvoice_utils]: 🏷️ Etiquetas da conversa 28018 resetadas no ZapVoice para o padrão: ['robo', 'whatsapp']
2026-09-22 20:21:07 [INFO] [zapvoice_utils]: ✅ [BULK-RESET] Concluído reset para 1 conversas (1 sucesso, 0 falhas).
2026-09-22 20:21:07 [INFO] [webhooks.leads_modules.listing]: 📊 Buscando leads para webhook 113 na tabela leads (Page: 1, Size: 20, Search: None)
2026-09-22 20:21:07 [INFO] [webhooks.leads_modules.listing]: ✅ Encontrados 20 leads de um total de 1501.
2026-09-22 20:21:07 [INFO] [webhooks.receiver]: 📩 Webhook: Integração WhatsApp & ZapVoice | De: 5585998259497 | Msg: O atendente Super Admin adicio... | Account: 11 | Inbox: 11 | Conv: 28018 | Contact: 5585998259497
2026-09-22 20:21:07 [INFO] [webhooks.service]: 🆕 Inserindo NOVO lead na tabela leads: 5585998259497 (is_agent=True, is_memory=False, nome=Aryaraj Fernandes)
2026-09-22 20:21:07 [INFO] [webhooks.service]: ✅ Lead 5585998259497 (ID: 17909) inserido com sucesso em leads.
2026-09-22 20:21:07 [INFO] [core.websocket]: Broadcasting local via WebSocket: lead_created
2026-09-22 20:21:07 [INFO] [webhooks.receiver]: ✅ Mensagem de saída (Atendente) gravada em webhook_events: ID 73170 para 5585998259497
2026-09-22 20:21:07 [INFO] [core.websocket]: Broadcasting local via WebSocket: new_event
2026-09-22 20:21:07 [INFO] [webhooks.leads_modules.listing]: 📊 Buscando leads para webhook 113 na tabela leads (Page: 1, Size: 20, Search: None)
2026-09-22 20:21:07 [INFO] [webhooks.leads_modules.listing]: ✅ Encontrados 20 leads de um total de 1502.
2026-09-22 20:21:13 [INFO] [webhooks.receiver]: 📩 Webhook: Integração WhatsApp & ZapVoice | De: 5585998259497 | Msg: Oiee... | Account: 11 | Inbox: 11 | Conv: 28018 | Contact: 5585998259497
2026-09-22 20:21:13 [INFO] [core.websocket]: Broadcasting local via WebSocket: new_event
2026-09-22 20:21:14 [INFO] [webhooks.receiver]: ⏳ Agrupando automação para 5585998259497 em 3s (ID: 73171)
2026-09-22 20:21:14 [INFO] [core.websocket]: Broadcasting local via WebSocket: lead_updated
2026-09-22 20:21:14 [INFO] [webhooks.leads_modules.listing]: 📊 Buscando leads para webhook 113 na tabela leads (Page: 1, Size: 20, Search: None)
2026-09-22 20:21:14 [INFO] [webhooks.leads_modules.listing]: ✅ Encontrados 20 leads de um total de 1502.
2026-09-22 20:21:17 [INFO] [core.websocket]: Broadcasting local via WebSocket: status_update
2026-09-22 20:21:17 [INFO] [core.websocket]: Broadcasting local via WebSocket: status_update
2026-09-22 20:21:17 [INFO] [core.websocket]: Broadcasting local via WebSocket: status_update
2026-09-22 20:21:17 [INFO] [core.websocket]: Broadcasting local via WebSocket: status_update
2026-09-22 20:21:21 [INFO] [core.websocket]: Broadcasting local via WebSocket: status_update
2026-09-22 20:21:21 [INFO] [core.websocket]: Broadcasting local via WebSocket: status_update
2026-09-22 20:21:25 [INFO] [core.websocket]: Broadcasting local via WebSocket: status_update
2026-09-22 20:21:25 [INFO] [core.websocket]: Broadcasting local via WebSocket: status_update
2026-09-22 20:21:25 [INFO] [core.websocket]: Broadcasting local via WebSocket: status_update
2026-09-22 20:21:25 [INFO] [core.websocket]: Broadcasting local via WebSocket: status_update
2026-09-22 20:21:25 [INFO] [core.websocket]: Broadcasting local via WebSocket: status_update
2026-09-22 20:21:42 [INFO] [core.websocket]: Broadcasting local via WebSocket: status_update
2026-09-22 20:21:43 [INFO] [core.websocket]: Broadcasting local via WebSocket: status_update
2026-09-22 20:21:43 [INFO] [core.websocket]: Broadcasting local via WebSocket: status_update
2026-09-22 20:21:43 [INFO] [core.websocket]: Broadcasting local via WebSocket: status_update
2026-09-22 20:21:43 [INFO] [core.websocket]: Broadcasting local via WebSocket: status_update
2026-09-22 20:21:43 [INFO] [core.websocket]: Broadcasting local via WebSocket: status_update
2026-09-22 20:21:47 [INFO] [core.websocket]: Broadcasting local via WebSocket: status_update
2026-09-22 20:21:49 [INFO] [database.connection]: 🔍 [JANITOR DB] Pool Status -> Size: 25, CheckedOut: 0, Overflow: -19
2026-09-22 20:21:49 [INFO] [core.websocket]: Broadcasting local via WebSocket: status_update
2026-09-22 20:21:49 [INFO] [core.websocket]: Broadcasting local via WebSocket: status_update
2026-09-22 20:21:49 [INFO] [core.websocket]: Broadcasting local via WebSocket: status_update
2026-09-22 20:21:50 [INFO] [webhooks.receiver]: 💾 [MEMÓRIA RECEBIDA] Mensagem registrada no lead (5585998259497) | Autor: agente | Nome: Aryaraj Fernandes | Texto: 'Qual sua dúvida sobre o Bussola Astrologica?'
2026-09-22 20:21:50 [INFO] [core.websocket]: Broadcasting local via WebSocket: lead_updated
2026-09-22 20:21:50 [INFO] [webhooks.receiver]: 🛡️ [HISTÓRICO REGISTRADO] Mensagem/Template do agente armazenado no histórico (5585998259497) com ID 73172 - IA não auto-responderá para evitar loop.
2026-09-22 20:21:50 [INFO] [webhooks.receiver]: 📩 Webhook: Integração WhatsApp & ZapVoice | De: 5585998259497 | Msg: Qual sua dúvida sobre o Bussol... | Account: 11 | Inbox: 11 | Conv: 28018 | Contact: 5585998259497
2026-09-22 20:21:50 [INFO] [core.websocket]: Broadcasting local via WebSocket: lead_updated
2026-09-22 20:21:50 [INFO] [webhooks.receiver]: ✅ Mensagem de saída (Atendente) gravada em webhook_events: ID 73173 para 5585998259497
2026-09-22 20:21:50 [INFO] [core.websocket]: Broadcasting local via WebSocket: new_event
2026-09-22 20:21:50 [INFO] [webhooks.leads_modules.listing]: 📊 Buscando leads para webhook 113 na tabela leads (Page: 1, Size: 20, Search: None)
2026-09-22 20:21:50 [INFO] [webhooks.leads_modules.listing]: ✅ Encontrados 20 leads de um total de 1502.
2026-09-22 20:22:34 [INFO] [database.connection]: 🔍 [JANITOR DB] Pool Status -> Size: 25, CheckedOut: 0, Overflow: -19
2026-09-22 20:23:19 [INFO] [database.connection]: 🔍 [JANITOR DB] Pool Status -> Size: 25, CheckedOut: 0, Overflow: -19
2026-09-22 20:24:02 [INFO] [core.websocket]: Conexão WebSocket encerrada. Total local: 0
2026-09-22 20:24:04 [INFO] [database.connection]: 🔍 [JANITOR DB] Pool Status -> Size: 25, CheckedOut: 0, Overflow: -19
2026-09-22 20:24:06 [INFO] [api.routers.tools]: [LABELS] Chamando ZapVoice: https://api.aryaraj.shop/api/chat/labels com client_id=11
2026-09-22 20:24:06 [INFO] [api.routers.tools]: [LABELS] Chamando ZapVoice: https://api.aryaraj.shop/api/chat/labels com client_id=11
2026-09-22 20:24:07 [INFO] [api.routers.tools]: [LABELS] ZapVoice respondeu 200: ["compra_aprovada_bussula","pepepopop","porrrrrrrrr","robo","teste_do_amor","tete-toto","tettotoklkkkllklklkl","whatsapp"]
2026-09-22 20:24:07 [INFO] [api.routers.tools]: [LABELS] ZapVoice respondeu 200: ["compra_aprovada_bussula","pepepopop","porrrrrrrrr","robo","teste_do_amor","tete-toto","tettotoklkkkllklklkl","whatsapp"]
2026-09-22 20:24:08 [INFO] [zapvoice_utils]: ✅ 8 templates WhatsApp recuperados do ZapVoice.
2026-09-22 20:24:49 [INFO] [database.connection]: 🔍 [JANITOR DB] Pool Status -> Size: 25, CheckedOut: 0, Overflow: -19
2026-09-22 20:24:50 [INFO] [core.websocket]: Nova conexão WebSocket estabelecida. Total local: 1
2026-09-22 20:24:50 [INFO] [webhooks.leads_modules.listing]: 📊 Buscando leads para webhook 113 na tabela leads (Page: 1, Size: 20, Search: None)
2026-09-22 20:24:50 [INFO] [webhooks.leads_modules.listing]: ✅ Encontrados 20 leads de um total de 1502.
2026-09-22 20:24:51 [INFO] [webhooks.leads_modules.listing]: 📊 Buscando leads para webhook 113 na tabela leads (Page: 1, Size: 20, Search: None)
2026-09-22 20:24:51 [INFO] [webhooks.leads_modules.listing]: ✅ Encontrados 20 leads de um total de 1502.
2026-09-22 20:25:34 [INFO] [database.connection]: 🔍 [JANITOR DB] Pool Status -> Size: 25, CheckedOut: 0, Overflow: -19
2026-09-22 20:26:15 [INFO] [webhooks.receiver]: 📩 Webhook: Integração WhatsApp & ZapVoice | De: 5585998259497 | Msg: O atendente Super Admin adicio... | Account: 11 | Inbox: 11 | Conv: 28018 | Contact: 5585998259497
2026-09-22 20:26:15 [INFO] [core.websocket]: Broadcasting local via WebSocket: lead_updated
2026-09-22 20:26:15 [INFO] [webhooks.receiver]: ✅ Mensagem de saída (Atendente) gravada em webhook_events: ID 73174 para 5585998259497
2026-09-22 20:26:15 [INFO] [core.websocket]: Broadcasting local via WebSocket: new_event
2026-09-22 20:26:16 [INFO] [webhooks.leads_modules.listing]: 📊 Buscando leads para webhook 113 na tabela leads (Page: 1, Size: 20, Search: None)
2026-09-22 20:26:16 [INFO] [webhooks.leads_modules.listing]: ✅ Encontrados 20 leads de um total de 1502.
2026-09-22 20:26:19 [INFO] [database.connection]: 🔍 [JANITOR DB] Pool Status -> Size: 25, CheckedOut: 0, Overflow: -19
2026-09-22 20:27:04 [INFO] [database.connection]: 🔍 [JANITOR DB] Pool Status -> Size: 25, CheckedOut: 0, Overflow: -19
2026-09-22 20:27:49 [INFO] [database.connection]: 🔍 [JANITOR DB] Pool Status -> Size: 25, CheckedOut: 0, Overflow: -19
2026-09-22 20:27:50 [INFO] [core.websocket]: Conexão WebSocket encerrada. Total local: 0
2026-09-22 20:27:50 [INFO] [api.main]: 🛑 API Modular encerrando...
2026-09-22 20:27:55 [INFO] [core.logging_setup]: 📁 Log persistente ativo em /app/logs/backend.log
2026-09-22 20:27:55 [INFO] [database.sync]: ✨ Banco de dados 'ai_agent_db' já existe.
2026-09-22 20:27:55 [INFO] [database.sync]: 🔍 Iniciando auto-sincronização de schema...
2026-09-22 20:27:56 [INFO] [database.sync]: Checking table: agent_tools
2026-09-22 20:27:56 [INFO] [database.sync]: Checking table: agent_knowledge_bases
2026-09-22 20:27:56 [INFO] [database.sync]: Checking table: interaction_logs
2026-09-22 20:27:56 [INFO] [database.sync]: Checking table: session_summaries
2026-09-22 20:27:56 [INFO] [database.sync]: Checking table: knowledge_bases
2026-09-22 20:27:56 [INFO] [database.sync]: Checking table: knowledge_items
2026-09-22 20:27:56 [INFO] [database.sync]: Checking table: agent_config
2026-09-22 20:27:56 [INFO] [database.sync]: Checking table: tools
2026-09-22 20:27:56 [INFO] [database.sync]: Checking table: prompt_drafts
2026-09-22 20:27:56 [INFO] [database.sync]: Checking table: user_memory
2026-09-22 20:27:56 [INFO] [database.sync]: Checking table: feedback_logs
2026-09-22 20:27:56 [INFO] [database.sync]: Checking table: google_tokens
2026-09-22 20:27:56 [INFO] [database.sync]: Checking table: global_context_variables
2026-09-22 20:27:56 [INFO] [database.sync]: Checking table: users
2026-09-22 20:27:56 [INFO] [database.sync]: Checking table: user_invites
2026-09-22 20:27:56 [INFO] [database.sync]: Checking table: unanswered_questions
2026-09-22 20:27:56 [INFO] [database.sync]: Checking table: support_requests
2026-09-22 20:27:56 [INFO] [database.sync]: Checking table: webhook_configs
2026-09-22 20:27:56 [INFO] [database.sync]: Checking table: webhook_events
2026-09-22 20:27:56 [INFO] [database.sync]: Checking table: transcription_folders
2026-09-22 20:27:56 [INFO] [database.sync]: Checking table: transcription_tasks
2026-09-22 20:27:56 [INFO] [database.sync]: Checking table: scheduled_triggers
2026-09-22 20:27:56 [INFO] [database.sync]: Checking table: message_status
2026-09-22 20:27:56 [INFO] [database.sync]: Checking table: user_question_embeddings
2026-09-22 20:27:56 [INFO] [database.sync]: Checking table: objection_clusters
2026-09-22 20:27:56 [INFO] [database.sync]: Checking table: objection_cluster_messages
2026-09-22 20:27:56 [INFO] [database.sync]: Checking table: backup_configs
2026-09-22 20:27:56 [INFO] [database.sync]: Checking table: backup_history
2026-09-22 20:27:56 [INFO] [database.sync]: Checking table: sales
2026-09-22 20:27:56 [INFO] [database.sync]: Checking table: calendar_events
2026-09-22 20:27:56 [INFO] [database.sync]: Checking table: testimonial_categories
2026-09-22 20:27:56 [INFO] [database.sync]: Checking table: testimonials
2026-09-22 20:27:56 [INFO] [database.sync]: Checking table: sent_testimonials
2026-09-22 20:27:56 [INFO] [database.sync]: Checking table: leads
2026-09-22 20:27:56 [INFO] [database.sync]: Checking table: semantic_caches
2026-09-22 20:27:56 [INFO] [database.sync]: Checking table: question_funnels
2026-09-22 20:27:56 [INFO] [database.sync]: ✅ Sincronização de schema concluída.
2026-09-22 20:27:56 [INFO] [database]: ✅ Inicialização do banco de dados concluída com sucesso!
2026-09-22 20:27:57 [INFO] [core.logging_setup]: 📁 Log persistente ativo em /app/logs/backend.log
2026-09-22 20:27:58 [INFO] [core.logging_setup]: 📁 Log persistente ativo em /app/logs/backend.log
2026-09-22 20:27:58 [INFO] [core.logging_setup]: 📁 Log persistente ativo em /app/logs/backend.log
2026-09-22 20:28:00 [INFO] [core.logging_setup]: 📁 Log persistente ativo em /app/logs/backend.log
2026-09-22 20:28:09 [WARNING] [api.main]: ⚠️ session_analysis não encontrado.
2026-09-22 20:28:10 [INFO] [api.main]: 🚀 API Modular iniciando...
2026-09-22 20:28:10 [INFO] [database.sync]: ✨ Banco de dados 'ai_agent_db' já existe.
2026-09-22 20:28:10 [INFO] [database.sync]: 🔍 Iniciando auto-sincronização de schema...
2026-09-22 20:28:10 [INFO] [database.sync]: Checking table: agent_tools
2026-09-22 20:28:11 [INFO] [database.sync]: Checking table: agent_knowledge_bases
2026-09-22 20:28:11 [INFO] [database.sync]: Checking table: interaction_logs
2026-09-22 20:28:11 [INFO] [database.sync]: Checking table: session_summaries
2026-09-22 20:28:11 [INFO] [database.sync]: Checking table: knowledge_bases
2026-09-22 20:28:11 [INFO] [database.sync]: Checking table: knowledge_items
2026-09-22 20:28:11 [INFO] [database.sync]: Checking table: agent_config
2026-09-22 20:28:11 [INFO] [database.sync]: Checking table: tools
2026-09-22 20:28:11 [INFO] [database.sync]: Checking table: prompt_drafts
2026-09-22 20:28:11 [INFO] [database.sync]: Checking table: user_memory
2026-09-22 20:28:11 [INFO] [database.sync]: Checking table: feedback_logs
2026-09-22 20:28:11 [INFO] [database.sync]: Checking table: google_tokens
2026-09-22 20:28:11 [INFO] [database.sync]: Checking table: global_context_variables
2026-09-22 20:28:11 [INFO] [database.sync]: Checking table: users
2026-09-22 20:28:11 [INFO] [database.sync]: Checking table: user_invites
2026-09-22 20:28:11 [INFO] [database.sync]: Checking table: unanswered_questions
2026-09-22 20:28:11 [INFO] [database.sync]: Checking table: support_requests
2026-09-22 20:28:11 [INFO] [database.sync]: Checking table: webhook_configs
2026-09-22 20:28:11 [INFO] [database.sync]: Checking table: webhook_events
2026-09-22 20:28:11 [INFO] [database.sync]: Checking table: transcription_folders
2026-09-22 20:28:11 [INFO] [database.sync]: Checking table: transcription_tasks
2026-09-22 20:28:11 [INFO] [database.sync]: Checking table: scheduled_triggers
2026-09-22 20:28:11 [INFO] [database.sync]: Checking table: message_status
2026-09-22 20:28:11 [INFO] [database.sync]: Checking table: user_question_embeddings
2026-09-22 20:28:11 [INFO] [database.sync]: Checking table: objection_clusters
2026-09-22 20:28:11 [INFO] [database.sync]: Checking table: objection_cluster_messages
2026-09-22 20:28:11 [INFO] [database.sync]: Checking table: backup_configs
2026-09-22 20:28:11 [INFO] [database.sync]: Checking table: backup_history
2026-09-22 20:28:11 [INFO] [database.sync]: Checking table: sales
2026-09-22 20:28:11 [INFO] [database.sync]: Checking table: calendar_events
2026-09-22 20:28:11 [INFO] [database.sync]: Checking table: testimonial_categories
2026-09-22 20:28:11 [INFO] [database.sync]: Checking table: testimonials
2026-09-22 20:28:11 [INFO] [database.sync]: Checking table: sent_testimonials
2026-09-22 20:28:11 [INFO] [database.sync]: Checking table: leads
2026-09-22 20:28:11 [INFO] [database.sync]: Checking table: semantic_caches
2026-09-22 20:28:11 [INFO] [database.sync]: Checking table: question_funnels
2026-09-22 20:28:11 [INFO] [database.sync]: ✅ Sincronização de schema concluída.
2026-09-22 20:28:11 [INFO] [database]: ✅ Inicialização do banco de dados concluída com sucesso!
2026-09-22 20:28:11 [INFO] [api.main]: ✅ Banco de dados inicializado.
2026-09-22 20:28:11 [INFO] [core.websocket]: 📡 Redis conectado (Listener: True)
2026-09-22 20:28:11 [INFO] [core.websocket]: 👂 Listener Redis Pub/Sub iniciado.
2026-09-22 20:28:11 [INFO] [api.main]: 🧹 [JANITOR DB] Worker de monitoramento do pool ativado (intervalo: 45s).
2026-09-22 20:28:11 [INFO] [core.websocket]: Nova conexão WebSocket estabelecida. Total local: 1
2026-09-22 20:28:15 [INFO] [webhooks.receiver]: 📩 Webhook: Integração WhatsApp & ZapVoice | De: 5585998259497 | Msg: Oi, Aryaraj! Como você está? 😊... | Account: 11 | Inbox: 11 | Conv: 28018 | Contact: 5585998259497
2026-09-22 20:28:15 [INFO] [core.websocket]: Broadcasting local via WebSocket: lead_updated
2026-09-22 20:28:15 [INFO] [webhooks.receiver]: ✅ Mensagem de saída (Atendente) gravada em webhook_events: ID 73176 para 5585998259497
2026-09-22 20:28:15 [INFO] [core.websocket]: Broadcasting local via WebSocket: new_event
2026-09-22 20:28:15 [INFO] [webhooks.receiver]: 💾 [MEMÓRIA RECEBIDA] Mensagem registrada no lead (5585998259497) | Autor: agente | Nome: Aryaraj Fernandes | Texto: 'Oi, Aryaraj! Como você está? 😊 Só passando para ve...'
2026-09-22 20:28:15 [INFO] [core.websocket]: Broadcasting local via WebSocket: lead_updated
2026-09-22 20:28:15 [INFO] [webhooks.receiver]: 🛡️ [HISTÓRICO REGISTRADO] Mensagem/Template do agente armazenado no histórico (5585998259497) com ID 73177 - IA não auto-responderá para evitar loop.
2026-09-22 20:28:16 [INFO] [webhooks.leads_modules.listing]: 📊 Buscando leads para webhook 113 na tabela leads (Page: 1, Size: 20, Search: None)
2026-09-22 20:28:16 [INFO] [webhooks.leads_modules.listing]: ✅ Encontrados 20 leads de um total de 1502.
2026-09-22 20:28:18 [INFO] [core.logging_setup]: 📁 Log persistente ativo em /app/logs/backend.log
2026-09-22 20:28:18 [INFO] [services.followup_service]: [FollowUp] Iniciando disparo concorrente para 1 lead(s) devidos (Concorrência máxima: 10).
2026-09-22 20:28:18 [INFO] [services.followup_modules.dispatcher]: [FollowUp Anti-Ban] Aguardando jitter de 5.14s antes de enviar para 5585998281098
2026-09-22 20:28:24 [WARNING] [services.followup_modules.dispatcher]: [FollowUp] Erro ao gerar com Anthropic (Error code: 400 - {'type': 'error', 'error': {'type': 'invalid_request_error', 'message': 'Your credit balance is too low to access the Anthropic API. Please go to Plans & Billing to upgrade or purchase credits.'}, 'request_id': 'req_011CfK7HTbVHcFq88gm9fNfm'}). Tentando fallback para OpenAI...
2026-09-22 20:28:27 [WARNING] [services.followup_modules.dispatcher]: [FollowUp] Falha ao enviar para 5585998281098: HTTP 404
2026-09-22 20:28:56 [INFO] [database.connection]: 🔍 [JANITOR DB] Pool Status -> Size: 25, CheckedOut: 0, Overflow: -21
2026-09-22 20:29:15 [INFO] [core.logging_setup]: 📁 Log persistente ativo em /app/logs/backend.log
2026-09-22 20:29:40 [INFO] [core.logging_setup]: 📁 Log persistente ativo em /app/logs/backend.log
2026-09-22 20:29:41 [INFO] [database.connection]: 🔍 [JANITOR DB] Pool Status -> Size: 25, CheckedOut: 0, Overflow: -21
2026-09-22 20:30:00 [INFO] [core.logging_setup]: 📁 Log persistente ativo em /app/logs/backend.log
2026-09-22 20:30:26 [INFO] [database.connection]: 🔍 [JANITOR DB] Pool Status -> Size: 25, CheckedOut: 0, Overflow: -21
2026-09-22 20:30:30 [INFO] [core.logging_setup]: 📁 Log persistente ativo em /app/logs/backend.log
2026-09-22 20:30:55 [INFO] [core.logging_setup]: 📁 Log persistente ativo em /app/logs/backend.log
2026-09-22 20:31:11 [INFO] [database.connection]: 🔍 [JANITOR DB] Pool Status -> Size: 25, CheckedOut: 0, Overflow: -21
2026-09-22 20:31:56 [INFO] [database.connection]: 🔍 [JANITOR DB] Pool Status -> Size: 25, CheckedOut: 0, Overflow: -21
2026-09-22 20:32:41 [INFO] [database.connection]: 🔍 [JANITOR DB] Pool Status -> Size: 25, CheckedOut: 0, Overflow: -21
2026-09-22 20:33:26 [INFO] [database.connection]: 🔍 [JANITOR DB] Pool Status -> Size: 25, CheckedOut: 0, Overflow: -21
2026-09-22 20:34:11 [INFO] [database.connection]: 🔍 [JANITOR DB] Pool Status -> Size: 25, CheckedOut: 0, Overflow: -21
2026-09-22 20:34:56 [INFO] [database.connection]: 🔍 [JANITOR DB] Pool Status -> Size: 25, CheckedOut: 0, Overflow: -21
2026-09-22 20:35:11 [INFO] [core.websocket]: Conexão WebSocket encerrada. Total local: 0
2026-09-22 20:35:11 [INFO] [api.main]: 🛑 API Modular encerrando...
2026-09-22 20:35:16 [INFO] [core.logging_setup]: 📁 Log persistente ativo em /app/logs/backend.log
2026-09-22 20:35:17 [INFO] [database.sync]: ✨ Banco de dados 'ai_agent_db' já existe.
2026-09-22 20:35:17 [INFO] [database.sync]: 🔍 Iniciando auto-sincronização de schema...
2026-09-22 20:35:17 [INFO] [database.sync]: Checking table: agent_tools
2026-09-22 20:35:17 [INFO] [database.sync]: Checking table: agent_knowledge_bases
2026-09-22 20:35:17 [INFO] [database.sync]: Checking table: interaction_logs
2026-09-22 20:35:17 [INFO] [database.sync]: Checking table: session_summaries
2026-09-22 20:35:17 [INFO] [database.sync]: Checking table: knowledge_bases
2026-09-22 20:35:17 [INFO] [database.sync]: Checking table: knowledge_items
2026-09-22 20:35:17 [INFO] [database.sync]: Checking table: agent_config
2026-09-22 20:35:17 [INFO] [database.sync]: Checking table: tools
2026-09-22 20:35:17 [INFO] [database.sync]: Checking table: prompt_drafts
2026-09-22 20:35:17 [INFO] [database.sync]: Checking table: user_memory
2026-09-22 20:35:17 [INFO] [database.sync]: Checking table: feedback_logs
2026-09-22 20:35:17 [INFO] [database.sync]: Checking table: google_tokens
2026-09-22 20:35:17 [INFO] [database.sync]: Checking table: global_context_variables
2026-09-22 20:35:17 [INFO] [database.sync]: Checking table: users
2026-09-22 20:35:17 [INFO] [database.sync]: Checking table: user_invites
2026-09-22 20:35:17 [INFO] [database.sync]: Checking table: unanswered_questions
2026-09-22 20:35:17 [INFO] [database.sync]: Checking table: support_requests
2026-09-22 20:35:17 [INFO] [database.sync]: Checking table: webhook_configs
2026-09-22 20:35:17 [INFO] [database.sync]: Checking table: webhook_events
2026-09-22 20:35:17 [INFO] [database.sync]: Checking table: transcription_folders
2026-09-22 20:35:17 [INFO] [database.sync]: Checking table: transcription_tasks
2026-09-22 20:35:17 [INFO] [database.sync]: Checking table: scheduled_triggers
2026-09-22 20:35:17 [INFO] [database.sync]: Checking table: message_status
2026-09-22 20:35:17 [INFO] [database.sync]: Checking table: user_question_embeddings
2026-09-22 20:35:17 [INFO] [database.sync]: Checking table: objection_clusters
2026-09-22 20:35:17 [INFO] [database.sync]: Checking table: objection_cluster_messages
2026-09-22 20:35:17 [INFO] [database.sync]: Checking table: backup_configs
2026-09-22 20:35:17 [INFO] [database.sync]: Checking table: backup_history
2026-09-22 20:35:17 [INFO] [database.sync]: Checking table: sales
2026-09-22 20:35:17 [INFO] [database.sync]: Checking table: calendar_events
2026-09-22 20:35:17 [INFO] [database.sync]: Checking table: testimonial_categories
2026-09-22 20:35:17 [INFO] [database.sync]: Checking table: testimonials
2026-09-22 20:35:17 [INFO] [database.sync]: Checking table: sent_testimonials
2026-09-22 20:35:17 [INFO] [database.sync]: Checking table: leads
2026-09-22 20:35:17 [INFO] [database.sync]: Checking table: semantic_caches
2026-09-22 20:35:17 [INFO] [database.sync]: Checking table: question_funnels
2026-09-22 20:35:17 [INFO] [database.sync]: ✅ Sincronização de schema concluída.
2026-09-22 20:35:17 [INFO] [database]: ✅ Inicialização do banco de dados concluída com sucesso!
2026-09-22 20:35:18 [INFO] [core.logging_setup]: 📁 Log persistente ativo em /app/logs/backend.log
2026-09-22 20:35:18 [INFO] [core.logging_setup]: 📁 Log persistente ativo em /app/logs/backend.log
2026-09-22 20:35:19 [INFO] [core.logging_setup]: 📁 Log persistente ativo em /app/logs/backend.log
2026-09-22 20:35:21 [INFO] [core.logging_setup]: 📁 Log persistente ativo em /app/logs/backend.log
2026-09-22 20:35:26 [INFO] [core.logging_setup]: 📁 Log persistente ativo em /app/logs/backend.log
2026-09-22 20:35:28 [WARNING] [api.main]: ⚠️ session_analysis não encontrado.
2026-09-22 20:35:30 [INFO] [api.main]: 🚀 API Modular iniciando...
2026-09-22 20:35:30 [INFO] [database.sync]: ✨ Banco de dados 'ai_agent_db' já existe.
2026-09-22 20:35:30 [INFO] [database.sync]: 🔍 Iniciando auto-sincronização de schema...
2026-09-22 20:35:30 [INFO] [database.sync]: Checking table: agent_tools
2026-09-22 20:35:30 [INFO] [database.sync]: Checking table: agent_knowledge_bases
2026-09-22 20:35:30 [INFO] [database.sync]: Checking table: interaction_logs
2026-09-22 20:35:30 [INFO] [database.sync]: Checking table: session_summaries
2026-09-22 20:35:30 [INFO] [database.sync]: Checking table: knowledge_bases
2026-09-22 20:35:30 [INFO] [database.sync]: Checking table: knowledge_items
2026-09-22 20:35:30 [INFO] [database.sync]: Checking table: agent_config
2026-09-22 20:35:30 [INFO] [database.sync]: Checking table: tools
2026-09-22 20:35:30 [INFO] [database.sync]: Checking table: prompt_drafts
2026-09-22 20:35:30 [INFO] [database.sync]: Checking table: user_memory
2026-09-22 20:35:30 [INFO] [database.sync]: Checking table: feedback_logs
2026-09-22 20:35:30 [INFO] [database.sync]: Checking table: google_tokens
2026-09-22 20:35:30 [INFO] [database.sync]: Checking table: global_context_variables
2026-09-22 20:35:30 [INFO] [database.sync]: Checking table: users
2026-09-22 20:35:30 [INFO] [database.sync]: Checking table: user_invites
2026-09-22 20:35:30 [INFO] [database.sync]: Checking table: unanswered_questions
2026-09-22 20:35:30 [INFO] [database.sync]: Checking table: support_requests
2026-09-22 20:35:30 [INFO] [database.sync]: Checking table: webhook_configs
2026-09-22 20:35:30 [INFO] [database.sync]: Checking table: webhook_events
2026-09-22 20:35:30 [INFO] [database.sync]: Checking table: transcription_folders
2026-09-22 20:35:30 [INFO] [database.sync]: Checking table: transcription_tasks
2026-09-22 20:35:30 [INFO] [database.sync]: Checking table: scheduled_triggers
2026-09-22 20:35:30 [INFO] [database.sync]: Checking table: message_status
2026-09-22 20:35:30 [INFO] [database.sync]: Checking table: user_question_embeddings
2026-09-22 20:35:30 [INFO] [database.sync]: Checking table: objection_clusters
2026-09-22 20:35:30 [INFO] [database.sync]: Checking table: objection_cluster_messages
2026-09-22 20:35:30 [INFO] [database.sync]: Checking table: backup_configs
2026-09-22 20:35:30 [INFO] [database.sync]: Checking table: backup_history
2026-09-22 20:35:30 [INFO] [database.sync]: Checking table: sales
2026-09-22 20:35:30 [INFO] [database.sync]: Checking table: calendar_events
2026-09-22 20:35:30 [INFO] [database.sync]: Checking table: testimonial_categories
2026-09-22 20:35:30 [INFO] [database.sync]: Checking table: testimonials
2026-09-22 20:35:30 [INFO] [database.sync]: Checking table: sent_testimonials
2026-09-22 20:35:30 [INFO] [database.sync]: Checking table: leads
2026-09-22 20:35:30 [INFO] [database.sync]: Checking table: semantic_caches
2026-09-22 20:35:30 [INFO] [database.sync]: Checking table: question_funnels
2026-09-22 20:35:30 [INFO] [database.sync]: ✅ Sincronização de schema concluída.
2026-09-22 20:35:30 [INFO] [database]: ✅ Inicialização do banco de dados concluída com sucesso!
2026-09-22 20:35:30 [INFO] [api.main]: ✅ Banco de dados inicializado.
2026-09-22 20:35:30 [INFO] [core.websocket]: 📡 Redis conectado (Listener: True)
2026-09-22 20:35:30 [INFO] [core.websocket]: 👂 Listener Redis Pub/Sub iniciado.
2026-09-22 20:35:30 [INFO] [api.main]: 🧹 [JANITOR DB] Worker de monitoramento do pool ativado (intervalo: 45s).
2026-09-22 20:35:31 [WARNING] [services.followup_modules.dispatcher]: [FollowUp] Aviso/Erro ao buscar histórico da API: [Errno -5] No address associated with hostname
2026-09-22 20:35:50 [INFO] [core.logging_setup]: 📁 Log persistente ativo em /app/logs/backend.log
2026-09-22 20:36:15 [INFO] [database.connection]: 🔍 [JANITOR DB] Pool Status -> Size: 25, CheckedOut: 0, Overflow: -23
2026-09-22 20:37:00 [INFO] [database.connection]: 🔍 [JANITOR DB] Pool Status -> Size: 25, CheckedOut: 0, Overflow: -23
2026-09-22 20:37:45 [INFO] [database.connection]: 🔍 [JANITOR DB] Pool Status -> Size: 25, CheckedOut: 0, Overflow: -23
2026-09-22 20:38:30 [INFO] [database.connection]: 🔍 [JANITOR DB] Pool Status -> Size: 25, CheckedOut: 0, Overflow: -23
2026-09-22 20:38:39 [INFO] [api.routers.tools]: [LABELS] Config ZapVoice recuperada via fallback do WebhookConfig: url=https://api.aryaraj.shop, client_id=11
2026-09-22 20:38:39 [INFO] [api.routers.tools]: [LABELS] Chamando ZapVoice: https://api.aryaraj.shop/api/chat/labels com client_id=11
2026-09-22 20:38:39 [INFO] [api.routers.tools]: [LABELS] Config ZapVoice recuperada via fallback do WebhookConfig: url=https://api.aryaraj.shop, client_id=11
2026-09-22 20:38:39 [INFO] [api.routers.tools]: [LABELS] Chamando ZapVoice: https://api.aryaraj.shop/api/chat/labels com client_id=11
2026-09-22 20:38:39 [INFO] [api.routers.tools]: [LABELS] ZapVoice respondeu 200: ["compra_aprovada_bussula","pepepopop","porrrrrrrrr","robo","teste_do_amor","tete-toto","tettotoklkkkllklklkl","whatsapp"]
2026-09-22 20:38:39 [INFO] [api.routers.tools]: [LABELS] ZapVoice respondeu 200: ["compra_aprovada_bussula","pepepopop","porrrrrrrrr","robo","teste_do_amor","tete-toto","tettotoklkkkllklklkl","whatsapp"]
2026-09-22 20:38:40 [INFO] [core.websocket]: Nova conexão WebSocket estabelecida. Total local: 1
2026-09-22 20:38:40 [INFO] [webhooks.leads_modules.listing]: 📊 Buscando leads para webhook 113 na tabela leads (Page: 1, Size: 20, Search: None)
2026-09-22 20:38:40 [INFO] [webhooks.leads_modules.listing]: ✅ Encontrados 20 leads de um total de 1502.
2026-09-22 20:38:40 [INFO] [webhooks.leads_modules.listing]: 📊 Buscando leads para webhook 113 na tabela leads (Page: 1, Size: 20, Search: None)
2026-09-22 20:38:40 [INFO] [webhooks.leads_modules.listing]: ✅ Encontrados 20 leads de um total de 1502.
2026-09-22 20:38:41 [INFO] [webhooks.leads_modules.listing]: 📊 Buscando leads para webhook 113 na tabela leads (Page: 1, Size: 20, Search: None)
2026-09-22 20:38:41 [INFO] [webhooks.leads_modules.listing]: ✅ Encontrados 20 leads de um total de 1502.
2026-09-22 20:38:43 [INFO] [webhooks.leads_modules.deletion]: 🗑️ Deletando leads em lote para webhook 113: [17909]
2026-09-22 20:38:43 [INFO] [webhooks.leads_modules.deletion]: 🗑️ Deletando em lote 1 leads e limpando dados para 1 telefones.
2026-09-22 20:38:43 [INFO] [webhooks.service]: 🗑️ Iniciando limpeza cross-platform de dados para 1 telefones e 1 IDs
2026-09-22 20:38:43 [INFO] [webhooks.service]: ✅ 1 leads removidos da tabela leads.
2026-09-22 20:38:43 [INFO] [webhooks.service]: ✅ 8 eventos removidos de todas as plataformas.
2026-09-22 20:38:43 [INFO] [webhooks.service]: ✅ Memórias e sumários removidos (interaction_logs preservados para métricas de custo).
2026-09-22 20:38:43 [INFO] [zapvoice_utils]: 🏷️ [BULK-RESET] Iniciando reset concorrente de etiquetas para 1 conversas no ZapVoice.
2026-09-22 20:38:43 [INFO] [core.websocket]: Broadcasting local via WebSocket: lead_deleted
2026-09-22 20:38:43 [INFO] [webhooks.leads_modules.listing]: 📊 Buscando leads para webhook 113 na tabela leads (Page: 1, Size: 20, Search: None)
2026-09-22 20:38:43 [INFO] [webhooks.leads_modules.listing]: ✅ Encontrados 20 leads de um total de 1501.
2026-09-22 20:38:43 [INFO] [zapvoice_utils]: 🏷️ Etiquetas da conversa 28018 resetadas no ZapVoice para o padrão: ['robo', 'whatsapp']
2026-09-22 20:38:43 [INFO] [zapvoice_utils]: ✅ [BULK-RESET] Concluído reset para 1 conversas (1 sucesso, 0 falhas).
2026-09-22 20:38:43 [INFO] [webhooks.leads_modules.listing]: 📊 Buscando leads para webhook 113 na tabela leads (Page: 1, Size: 20, Search: None)
2026-09-22 20:38:43 [INFO] [webhooks.leads_modules.listing]: ✅ Encontrados 20 leads de um total de 1501.
2026-09-22 20:38:43 [INFO] [webhooks.receiver]: 📩 Webhook: Integração WhatsApp & ZapVoice | De: 5585998259497 | Msg: O atendente Super Admin remove... | Account: 11 | Inbox: 11 | Conv: 28018 | Contact: 5585998259497
2026-09-22 20:38:43 [INFO] [webhooks.service]: 🆕 Inserindo NOVO lead na tabela leads: 5585998259497 (is_agent=True, is_memory=False, nome=Aryaraj Fernandes)
2026-09-22 20:38:43 [INFO] [webhooks.service]: ✅ Lead 5585998259497 (ID: 17910) inserido com sucesso em leads.
2026-09-22 20:38:43 [INFO] [core.websocket]: Broadcasting local via WebSocket: lead_created
2026-09-22 20:38:43 [INFO] [webhooks.receiver]: ✅ Mensagem de saída (Atendente) gravada em webhook_events: ID 73178 para 5585998259497
2026-09-22 20:38:43 [INFO] [core.websocket]: Broadcasting local via WebSocket: new_event
2026-09-22 20:38:44 [INFO] [webhooks.leads_modules.listing]: 📊 Buscando leads para webhook 113 na tabela leads (Page: 1, Size: 20, Search: None)
2026-09-22 20:38:44 [INFO] [webhooks.leads_modules.listing]: ✅ Encontrados 20 leads de um total de 1502.
2026-09-22 20:38:51 [INFO] [webhooks.receiver]: 📩 Webhook: Integração WhatsApp & ZapVoice | De: 5585998259497 | Msg: Oiee... | Account: 11 | Inbox: 11 | Conv: 28018 | Contact: 5585998259497
2026-09-22 20:38:51 [INFO] [core.websocket]: Broadcasting local via WebSocket: new_event
2026-09-22 20:38:51 [INFO] [webhooks.receiver]: ⏳ Agrupando automação para 5585998259497 em 3s (ID: 73179)
2026-09-22 20:38:51 [INFO] [core.websocket]: Broadcasting local via WebSocket: lead_updated
2026-09-22 20:38:51 [INFO] [webhooks.leads_modules.listing]: 📊 Buscando leads para webhook 113 na tabela leads (Page: 1, Size: 20, Search: None)
2026-09-22 20:38:51 [INFO] [webhooks.leads_modules.listing]: ✅ Encontrados 20 leads de um total de 1502.
2026-09-22 20:38:53 [INFO] [core.websocket]: Broadcasting local via WebSocket: leads_synced
2026-09-22 20:38:53 [INFO] [webhooks.leads_modules.listing]: 📊 Buscando leads para webhook 113 na tabela leads (Page: 1, Size: 20, Search: None)
2026-09-22 20:38:53 [INFO] [webhooks.leads_modules.listing]: ✅ Encontrados 20 leads de um total de 1502.
2026-09-22 20:38:54 [INFO] [webhooks.leads_modules.listing]: 📊 Buscando leads para webhook 113 na tabela leads (Page: 1, Size: 20, Search: None)
2026-09-22 20:38:54 [INFO] [webhooks.leads_modules.listing]: ✅ Encontrados 20 leads de um total de 1502.
2026-09-22 20:38:54 [INFO] [core.websocket]: Broadcasting local via WebSocket: status_update
2026-09-22 20:38:54 [INFO] [core.websocket]: Broadcasting local via WebSocket: status_update
2026-09-22 20:38:54 [INFO] [core.websocket]: Broadcasting local via WebSocket: status_update
2026-09-22 20:38:54 [INFO] [core.websocket]: Broadcasting local via WebSocket: status_update
2026-09-22 20:38:58 [INFO] [core.websocket]: Broadcasting local via WebSocket: status_update
2026-09-22 20:38:58 [INFO] [core.websocket]: Broadcasting local via WebSocket: status_update
2026-09-22 20:39:02 [INFO] [core.websocket]: Broadcasting local via WebSocket: status_update
2026-09-22 20:39:02 [INFO] [core.websocket]: Broadcasting local via WebSocket: status_update
2026-09-22 20:39:02 [INFO] [core.websocket]: Broadcasting local via WebSocket: status_update
2026-09-22 20:39:02 [INFO] [core.websocket]: Broadcasting local via WebSocket: status_update
2026-09-22 20:39:02 [INFO] [core.websocket]: Broadcasting local via WebSocket: status_update
2026-09-22 20:39:15 [INFO] [database.connection]: 🔍 [JANITOR DB] Pool Status -> Size: 25, CheckedOut: 0, Overflow: -19
2026-09-22 20:39:26 [INFO] [core.websocket]: Broadcasting local via WebSocket: status_update
2026-09-22 20:39:26 [INFO] [core.websocket]: Broadcasting local via WebSocket: status_update
2026-09-22 20:39:26 [INFO] [core.websocket]: Broadcasting local via WebSocket: status_update
2026-09-22 20:39:26 [INFO] [core.websocket]: Broadcasting local via WebSocket: status_update
2026-09-22 20:39:27 [INFO] [core.websocket]: Broadcasting local via WebSocket: status_update
2026-09-22 20:39:27 [INFO] [core.websocket]: Broadcasting local via WebSocket: status_update
2026-09-22 20:39:31 [INFO] [core.websocket]: Broadcasting local via WebSocket: status_update
2026-09-22 20:39:33 [INFO] [core.websocket]: Broadcasting local via WebSocket: status_update
2026-09-22 20:39:33 [INFO] [core.websocket]: Broadcasting local via WebSocket: status_update
2026-09-22 20:39:33 [INFO] [core.websocket]: Broadcasting local via WebSocket: status_update
2026-09-22 20:39:33 [INFO] [webhooks.receiver]: 💾 [MEMÓRIA RECEBIDA] Mensagem registrada no lead (5585998259497) | Autor: agente | Nome: Aryaraj Fernandes | Texto: 'Qual sua dúvida sobre o Bussola Astrologica?'
2026-09-22 20:39:33 [INFO] [core.websocket]: Broadcasting local via WebSocket: lead_updated
2026-09-22 20:39:33 [INFO] [webhooks.receiver]: 🛡️ [HISTÓRICO REGISTRADO] Mensagem/Template do agente armazenado no histórico (5585998259497) com ID 73180 - IA não auto-responderá para evitar loop.
2026-09-22 20:39:33 [INFO] [webhooks.receiver]: 📩 Webhook: Integração WhatsApp & ZapVoice | De: 5585998259497 | Msg: Qual sua dúvida sobre o Bussol... | Account: 11 | Inbox: 11 | Conv: 28018 | Contact: 5585998259497
2026-09-22 20:39:33 [INFO] [core.websocket]: Broadcasting local via WebSocket: lead_updated
2026-09-22 20:39:33 [INFO] [webhooks.receiver]: ✅ Mensagem de saída (Atendente) gravada em webhook_events: ID 73181 para 5585998259497
2026-09-22 20:39:33 [INFO] [core.websocket]: Broadcasting local via WebSocket: new_event
2026-09-22 20:39:34 [INFO] [webhooks.leads_modules.listing]: 📊 Buscando leads para webhook 113 na tabela leads (Page: 1, Size: 20, Search: None)
2026-09-22 20:39:34 [INFO] [webhooks.leads_modules.listing]: ✅ Encontrados 20 leads de um total de 1502.
2026-09-22 20:40:00 [INFO] [database.connection]: 🔍 [JANITOR DB] Pool Status -> Size: 25, CheckedOut: 0, Overflow: -19
2026-09-22 20:40:08 [INFO] [core.websocket]: Conexão WebSocket encerrada. Total local: 0
2026-09-22 20:40:08 [INFO] [core.websocket]: Nova conexão WebSocket estabelecida. Total local: 1
2026-09-22 20:40:08 [INFO] [core.websocket]: Conexão WebSocket encerrada. Total local: 0
2026-09-22 20:40:08 [INFO] [core.websocket]: Nova conexão WebSocket estabelecida. Total local: 1
2026-09-22 20:40:21 [INFO] [webhooks.receiver]: 📩 Webhook: Integração WhatsApp & ZapVoice | De: 5585998259497 | Msg: Oi! Qual a sua dúvida sobre a ... | Account: 11 | Inbox: 11 | Conv: 28018 | Contact: 5585998259497
2026-09-22 20:40:21 [INFO] [core.websocket]: Broadcasting local via WebSocket: lead_updated
2026-09-22 20:40:21 [INFO] [webhooks.receiver]: ✅ Mensagem de saída (Atendente) gravada em webhook_events: ID 73183 para 5585998259497
2026-09-22 20:40:21 [INFO] [core.websocket]: Broadcasting local via WebSocket: new_event
2026-09-22 20:40:21 [INFO] [webhooks.receiver]: 💾 [MEMÓRIA RECEBIDA] Mensagem registrada no lead (5585998259497) | Autor: agente | Nome: Aryaraj Fernandes | Texto: 'Oi! Qual a sua dúvida sobre a Bússola Astrológica?...'
2026-09-22 20:40:21 [INFO] [core.websocket]: Broadcasting local via WebSocket: lead_updated
2026-09-22 20:40:21 [INFO] [webhooks.receiver]: 🛡️ [HISTÓRICO REGISTRADO] Mensagem/Template do agente armazenado no histórico (5585998259497) com ID 73184 - IA não auto-responderá para evitar loop.
2026-09-22 20:40:45 [INFO] [database.connection]: 🔍 [JANITOR DB] Pool Status -> Size: 25, CheckedOut: 0, Overflow: -19
2026-09-22 20:41:30 [INFO] [database.connection]: 🔍 [JANITOR DB] Pool Status -> Size: 25, CheckedOut: 0, Overflow: -19
2026-09-22 20:41:33 [INFO] [core.logging_setup]: 📁 Log persistente ativo em /app/logs/backend.log
2026-09-22 20:42:15 [INFO] [database.connection]: 🔍 [JANITOR DB] Pool Status -> Size: 25, CheckedOut: 0, Overflow: -19
2026-09-22 20:43:00 [INFO] [database.connection]: 🔍 [JANITOR DB] Pool Status -> Size: 25, CheckedOut: 0, Overflow: -19
2026-09-22 20:43:38 [INFO] [core.logging_setup]: 📁 Log persistente ativo em /app/logs/backend.log
2026-09-22 20:43:45 [INFO] [database.connection]: 🔍 [JANITOR DB] Pool Status -> Size: 25, CheckedOut: 0, Overflow: -19
2026-09-22 20:43:48 [INFO] [core.websocket]: Conexão WebSocket encerrada. Total local: 0
2026-09-22 20:43:48 [INFO] [core.websocket]: Nova conexão WebSocket estabelecida. Total local: 1
2026-09-22 20:43:48 [INFO] [webhooks.leads_modules.listing]: 📊 Buscando leads para webhook 113 na tabela leads (Page: 1, Size: 20, Search: None)
2026-09-22 20:43:48 [INFO] [webhooks.leads_modules.listing]: ✅ Encontrados 20 leads de um total de 1502.
2026-09-22 20:43:48 [INFO] [webhooks.leads_modules.listing]: 📊 Buscando leads para webhook 113 na tabela leads (Page: 1, Size: 20, Search: None)
2026-09-22 20:43:48 [INFO] [webhooks.leads_modules.listing]: ✅ Encontrados 20 leads de um total de 1502.
2026-09-22 20:43:48 [INFO] [core.websocket]: Conexão WebSocket encerrada. Total local: 0
2026-09-22 20:44:30 [INFO] [database.connection]: 🔍 [JANITOR DB] Pool Status -> Size: 25, CheckedOut: 0, Overflow: -19
2026-09-22 20:45:15 [INFO] [database.connection]: 🔍 [JANITOR DB] Pool Status -> Size: 25, CheckedOut: 0, Overflow: -19
2026-09-22 20:45:49 [INFO] [webhooks.receiver]: 📩 Webhook: Integração WhatsApp & ZapVoice | De: 5585998259497 | Msg: O atendente Super Admin remove... | Account: 11 | Inbox: 11 | Conv: 28018 | Contact: 5585998259497
2026-09-22 20:45:49 [INFO] [webhooks.receiver]: ✅ Mensagem de saída (Atendente) gravada em webhook_events: ID 73185 para 5585998259497
2026-09-22 20:46:00 [INFO] [database.connection]: 🔍 [JANITOR DB] Pool Status -> Size: 25, CheckedOut: 0, Overflow: -19
2026-09-22 20:46:45 [INFO] [database.connection]: 🔍 [JANITOR DB] Pool Status -> Size: 25, CheckedOut: 0, Overflow: -19
2026-09-22 20:47:05 [INFO] [api.routers.tools]: [LABELS] Chamando ZapVoice: https://api.aryaraj.shop/api/chat/labels com client_id=11
2026-09-22 20:47:05 [INFO] [api.routers.tools]: [LABELS] Chamando ZapVoice: https://api.aryaraj.shop/api/chat/labels com client_id=11
2026-09-22 20:47:06 [INFO] [api.routers.tools]: [LABELS] ZapVoice respondeu 200: ["compra_aprovada_bussula","pepepopop","porrrrrrrrr","teste_do_amor","tete-toto","tettotoklkkkllklklkl"]
2026-09-22 20:47:06 [INFO] [api.routers.tools]: [LABELS] ZapVoice respondeu 200: ["compra_aprovada_bussula","pepepopop","porrrrrrrrr","teste_do_amor","tete-toto","tettotoklkkkllklklkl"]
2026-09-22 20:47:08 [INFO] [zapvoice_utils]: ✅ 8 templates WhatsApp recuperados do ZapVoice.
2026-09-22 20:47:30 [INFO] [database.connection]: 🔍 [JANITOR DB] Pool Status -> Size: 25, CheckedOut: 0, Overflow: -19
2026-09-22 20:48:02 [INFO] [webhooks.configs]: 💾 Webhook 'Integração WhatsApp & ZapVoice' atualizado (ID: 113, Agent: 203)
2026-09-22 20:48:02 [INFO] [api.routers.tools]: [LABELS] Config ZapVoice recuperada via fallback do WebhookConfig: url=https://api.aryaraj.shop, client_id=11
2026-09-22 20:48:02 [INFO] [api.routers.tools]: [LABELS] Chamando ZapVoice: https://api.aryaraj.shop/api/chat/labels com client_id=11
2026-09-22 20:48:02 [INFO] [api.routers.tools]: [LABELS] ZapVoice respondeu 200: ["compra_aprovada_bussula","pepepopop","porrrrrrrrr","teste_do_amor","tete-toto","tettotoklkkkllklklkl"]
2026-09-22 20:48:03 [INFO] [core.websocket]: Nova conexão WebSocket estabelecida. Total local: 1
2026-09-22 20:48:03 [INFO] [webhooks.leads_modules.listing]: 📊 Buscando leads para webhook 113 na tabela leads (Page: 1, Size: 20, Search: None)
2026-09-22 20:48:03 [INFO] [webhooks.leads_modules.listing]: ✅ Encontrados 20 leads de um total de 1502.
2026-09-22 20:48:03 [INFO] [webhooks.leads_modules.listing]: 📊 Buscando leads para webhook 113 na tabela leads (Page: 1, Size: 20, Search: None)
2026-09-22 20:48:03 [INFO] [webhooks.leads_modules.listing]: ✅ Encontrados 20 leads de um total de 1502.
2026-09-22 20:48:05 [INFO] [webhooks.leads_modules.deletion]: 🗑️ Deletando leads em lote para webhook 113: [17910]
2026-09-22 20:48:05 [INFO] [webhooks.leads_modules.deletion]: 🗑️ Deletando em lote 1 leads e limpando dados para 1 telefones.
2026-09-22 20:48:05 [INFO] [webhooks.service]: 🗑️ Iniciando limpeza cross-platform de dados para 1 telefones e 1 IDs
2026-09-22 20:48:05 [INFO] [webhooks.service]: ✅ 1 leads removidos da tabela leads.
2026-09-22 20:48:05 [INFO] [webhooks.service]: ✅ 8 eventos removidos de todas as plataformas.
2026-09-22 20:48:05 [INFO] [webhooks.service]: ✅ Memórias e sumários removidos (interaction_logs preservados para métricas de custo).
2026-09-22 20:48:05 [INFO] [zapvoice_utils]: 🏷️ [BULK-RESET] Iniciando reset concorrente de etiquetas para 1 conversas no ZapVoice.
2026-09-22 20:48:05 [INFO] [core.websocket]: Broadcasting local via WebSocket: lead_deleted
2026-09-22 20:48:05 [INFO] [webhooks.leads_modules.listing]: 📊 Buscando leads para webhook 113 na tabela leads (Page: 1, Size: 20, Search: None)
2026-09-22 20:48:05 [INFO] [webhooks.leads_modules.listing]: ✅ Encontrados 20 leads de um total de 1501.
2026-09-22 20:48:05 [INFO] [zapvoice_utils]: 🏷️ Etiquetas da conversa 28018 resetadas no ZapVoice para o padrão: ['robo', 'whatsapp']
2026-09-22 20:48:05 [INFO] [zapvoice_utils]: ✅ [BULK-RESET] Concluído reset para 1 conversas (1 sucesso, 0 falhas).
2026-09-22 20:48:05 [INFO] [webhooks.receiver]: 📩 Webhook: Integração WhatsApp & ZapVoice | De: 5585998259497 | Msg: O atendente Super Admin adicio... | Account: 11 | Inbox: 11 | Conv: 28018 | Contact: 5585998259497
2026-09-22 20:48:05 [INFO] [webhooks.service]: 🆕 Inserindo NOVO lead na tabela leads: 5585998259497 (is_agent=True, is_memory=False, nome=Aryaraj Fernandes)
2026-09-22 20:48:05 [INFO] [webhooks.service]: ✅ Lead 5585998259497 (ID: 17911) inserido com sucesso em leads.
2026-09-22 20:48:05 [INFO] [core.websocket]: Broadcasting local via WebSocket: lead_created
2026-09-22 20:48:05 [INFO] [webhooks.leads_modules.listing]: 📊 Buscando leads para webhook 113 na tabela leads (Page: 1, Size: 20, Search: None)
2026-09-22 20:48:05 [INFO] [webhooks.receiver]: ✅ Mensagem de saída (Atendente) gravada em webhook_events: ID 73186 para 5585998259497
2026-09-22 20:48:05 [INFO] [core.websocket]: Broadcasting local via WebSocket: new_event
2026-09-22 20:48:05 [INFO] [webhooks.leads_modules.listing]: ✅ Encontrados 20 leads de um total de 1502.
2026-09-22 20:48:05 [INFO] [webhooks.leads_modules.listing]: 📊 Buscando leads para webhook 113 na tabela leads (Page: 1, Size: 20, Search: None)
2026-09-22 20:48:05 [INFO] [webhooks.leads_modules.listing]: ✅ Encontrados 20 leads de um total de 1502.
2026-09-22 20:48:13 [INFO] [webhooks.receiver]: 📩 Webhook: Integração WhatsApp & ZapVoice | De: 5585998259497 | Msg: Oie... | Account: 11 | Inbox: 11 | Conv: 28018 | Contact: 5585998259497
2026-09-22 20:48:13 [INFO] [core.websocket]: Broadcasting local via WebSocket: new_event
2026-09-22 20:48:13 [INFO] [webhooks.receiver]: ⏳ Agrupando automação para 5585998259497 em 3s (ID: 73187)
2026-09-22 20:48:13 [INFO] [core.websocket]: Broadcasting local via WebSocket: lead_updated
2026-09-22 20:48:14 [INFO] [webhooks.leads_modules.listing]: 📊 Buscando leads para webhook 113 na tabela leads (Page: 1, Size: 20, Search: None)
2026-09-22 20:48:14 [INFO] [webhooks.leads_modules.listing]: ✅ Encontrados 20 leads de um total de 1502.
2026-09-22 20:48:15 [INFO] [database.connection]: 🔍 [JANITOR DB] Pool Status -> Size: 25, CheckedOut: 0, Overflow: -19
2026-09-22 20:48:16 [INFO] [core.websocket]: Broadcasting local via WebSocket: status_update
2026-09-22 20:48:16 [INFO] [core.websocket]: Broadcasting local via WebSocket: status_update
2026-09-22 20:48:16 [INFO] [core.websocket]: Broadcasting local via WebSocket: status_update
2026-09-22 20:48:16 [INFO] [core.websocket]: Broadcasting local via WebSocket: status_update
2026-09-22 20:48:20 [INFO] [core.websocket]: Conexão WebSocket encerrada. Total local: 0
2026-09-22 20:48:20 [INFO] [core.websocket]: Nova conexão WebSocket estabelecida. Total local: 1
2026-09-22 20:48:20 [INFO] [core.websocket]: Conexão WebSocket encerrada. Total local: 0
2026-09-22 20:48:20 [INFO] [core.websocket]: Nova conexão WebSocket estabelecida. Total local: 1
2026-09-22 20:48:20 [INFO] [core.websocket]: Broadcasting local via WebSocket: status_update
2026-09-22 20:48:20 [INFO] [core.websocket]: Broadcasting local via WebSocket: status_update
2026-09-22 20:48:24 [INFO] [core.websocket]: Broadcasting local via WebSocket: status_update
2026-09-22 20:48:24 [INFO] [core.websocket]: Broadcasting local via WebSocket: status_update
2026-09-22 20:48:24 [INFO] [core.websocket]: Broadcasting local via WebSocket: status_update
2026-09-22 20:48:24 [INFO] [core.websocket]: Broadcasting local via WebSocket: status_update
2026-09-22 20:48:24 [INFO] [core.websocket]: Broadcasting local via WebSocket: status_update
2026-09-22 20:48:51 [INFO] [core.websocket]: Broadcasting local via WebSocket: status_update
2026-09-22 20:48:51 [INFO] [core.websocket]: Broadcasting local via WebSocket: status_update
2026-09-22 20:48:51 [INFO] [core.websocket]: Broadcasting local via WebSocket: status_update
2026-09-22 20:48:51 [INFO] [core.websocket]: Broadcasting local via WebSocket: status_update
2026-09-22 20:48:51 [INFO] [core.websocket]: Broadcasting local via WebSocket: status_update
2026-09-22 20:48:51 [INFO] [core.websocket]: Broadcasting local via WebSocket: status_update
2026-09-22 20:48:55 [INFO] [core.websocket]: Broadcasting local via WebSocket: status_update
2026-09-22 20:48:59 [INFO] [core.websocket]: Broadcasting local via WebSocket: status_update
2026-09-22 20:48:59 [INFO] [core.websocket]: Broadcasting local via WebSocket: status_update
2026-09-22 20:48:59 [INFO] [core.websocket]: Broadcasting local via WebSocket: status_update
2026-09-22 20:48:59 [INFO] [webhooks.receiver]: 📩 Webhook: Integração WhatsApp & ZapVoice | De: 5585998259497 | Msg: Qual sua dúvida sobre o Bussol... | Account: 11 | Inbox: 11 | Conv: 28018 | Contact: 5585998259497
2026-09-22 20:48:59 [INFO] [core.websocket]: Broadcasting local via WebSocket: lead_updated
2026-09-22 20:48:59 [INFO] [webhooks.receiver]: 💾 [MEMÓRIA RECEBIDA] Mensagem registrada no lead (5585998259497) | Autor: agente | Nome: Aryaraj Fernandes | Texto: 'Qual sua dúvida sobre o Bussola Astrologica?'
2026-09-22 20:48:59 [INFO] [core.websocket]: Broadcasting local via WebSocket: lead_updated
2026-09-22 20:48:59 [INFO] [webhooks.receiver]: 🛡️ [HISTÓRICO REGISTRADO] Mensagem/Template do agente armazenado no histórico (5585998259497) com ID 73188 - IA não auto-responderá para evitar loop.
2026-09-22 20:48:59 [INFO] [webhooks.receiver]: ✅ Mensagem de saída (Atendente) gravada em webhook_events: ID 73189 para 5585998259497
2026-09-22 20:48:59 [INFO] [core.websocket]: Broadcasting local via WebSocket: new_event
2026-09-22 20:49:00 [INFO] [database.connection]: 🔍 [JANITOR DB] Pool Status -> Size: 25, CheckedOut: 0, Overflow: -19
2026-09-22 20:49:05 [INFO] [core.websocket]: Conexão WebSocket encerrada. Total local: 0
2026-09-22 20:49:05 [INFO] [core.logging_setup]: 📁 Log persistente ativo em /app/logs/backend.log
2026-09-22 20:49:29 [INFO] [webhooks.receiver]: 📩 Webhook: Integração WhatsApp & ZapVoice | De: 5585998259497 | Msg: Oi! Ainda ficou alguma dúvida ... | Account: 11 | Inbox: 11 | Conv: 28018 | Contact: 5585998259497
2026-09-22 20:49:29 [INFO] [webhooks.receiver]: ✅ Mensagem de saída (Atendente) gravada em webhook_events: ID 73191 para 5585998259497
2026-09-22 20:49:29 [INFO] [webhooks.receiver]: 💾 [MEMÓRIA RECEBIDA] Mensagem registrada no lead (5585998259497) | Autor: agente | Nome: Aryaraj Fernandes | Texto: 'Oi! Ainda ficou alguma dúvida sobre a Bússola Astr...'
2026-09-22 20:49:29 [INFO] [webhooks.receiver]: 🛡️ [HISTÓRICO REGISTRADO] Mensagem/Template do agente armazenado no histórico (5585998259497) com ID 73192 - IA não auto-responderá para evitar loop.
2026-09-22 20:49:45 [INFO] [database.connection]: 🔍 [JANITOR DB] Pool Status -> Size: 25, CheckedOut: 0, Overflow: -19
2026-09-22 20:50:30 [INFO] [database.connection]: 🔍 [JANITOR DB] Pool Status -> Size: 25, CheckedOut: 0, Overflow: -19
2026-09-22 20:51:15 [INFO] [database.connection]: 🔍 [JANITOR DB] Pool Status -> Size: 25, CheckedOut: 0, Overflow: -19
2026-09-22 20:52:00 [INFO] [database.connection]: 🔍 [JANITOR DB] Pool Status -> Size: 25, CheckedOut: 0, Overflow: -19
2026-09-22 20:52:45 [INFO] [database.connection]: 🔍 [JANITOR DB] Pool Status -> Size: 25, CheckedOut: 0, Overflow: -19
2026-09-22 20:53:30 [INFO] [database.connection]: 🔍 [JANITOR DB] Pool Status -> Size: 25, CheckedOut: 0, Overflow: -19
2026-09-22 20:53:36 [INFO] [api.routers.tools]: [LABELS] Config ZapVoice recuperada via fallback do WebhookConfig: url=https://api.aryaraj.shop, client_id=11
2026-09-22 20:53:36 [INFO] [api.routers.tools]: [LABELS] Chamando ZapVoice: https://api.aryaraj.shop/api/chat/labels com client_id=11
2026-09-22 20:53:36 [INFO] [api.routers.tools]: [LABELS] Config ZapVoice recuperada via fallback do WebhookConfig: url=https://api.aryaraj.shop, client_id=11
2026-09-22 20:53:36 [INFO] [api.routers.tools]: [LABELS] Chamando ZapVoice: https://api.aryaraj.shop/api/chat/labels com client_id=11
2026-09-22 20:53:36 [INFO] [api.routers.tools]: [LABELS] ZapVoice respondeu 200: ["compra_aprovada_bussula","pepepopop","porrrrrrrrr","robo","teste_do_amor","tete-toto","tettotoklkkkllklklkl","whatsapp"]
2026-09-22 20:53:36 [INFO] [api.routers.tools]: [LABELS] ZapVoice respondeu 200: ["compra_aprovada_bussula","pepepopop","porrrrrrrrr","robo","teste_do_amor","tete-toto","tettotoklkkkllklklkl","whatsapp"]
2026-09-22 20:53:38 [INFO] [webhooks.leads_modules.listing]: 📊 Buscando leads para webhook 113 na tabela leads (Page: 1, Size: 20, Search: None)
2026-09-22 20:53:38 [INFO] [core.websocket]: Nova conexão WebSocket estabelecida. Total local: 1
2026-09-22 20:53:38 [INFO] [webhooks.leads_modules.listing]: ✅ Encontrados 20 leads de um total de 1502.
2026-09-22 20:53:38 [INFO] [webhooks.leads_modules.listing]: 📊 Buscando leads para webhook 113 na tabela leads (Page: 1, Size: 20, Search: None)
2026-09-22 20:53:38 [INFO] [webhooks.leads_modules.listing]: ✅ Encontrados 20 leads de um total de 1502.
2026-09-22 20:53:39 [INFO] [webhooks.leads_modules.listing]: 📊 Buscando leads para webhook 113 na tabela leads (Page: 1, Size: 20, Search: None)
2026-09-22 20:53:39 [INFO] [webhooks.leads_modules.listing]: ✅ Encontrados 20 leads de um total de 1502.
2026-09-22 20:53:42 [INFO] [core.websocket]: Conexão WebSocket encerrada. Total local: 0
2026-09-22 20:53:42 [INFO] [core.websocket]: Nova conexão WebSocket estabelecida. Total local: 1
2026-09-22 20:53:42 [INFO] [core.websocket]: Conexão WebSocket encerrada. Total local: 0
2026-09-22 20:53:42 [INFO] [core.websocket]: Nova conexão WebSocket estabelecida. Total local: 1
2026-09-22 20:53:45 [INFO] [core.websocket]: Conexão WebSocket encerrada. Total local: 0
2026-09-22 20:54:15 [INFO] [database.connection]: 🔍 [JANITOR DB] Pool Status -> Size: 25, CheckedOut: 0, Overflow: -19
2026-09-22 20:55:00 [INFO] [database.connection]: 🔍 [JANITOR DB] Pool Status -> Size: 25, CheckedOut: 0, Overflow: -19
2026-09-22 20:55:45 [INFO] [database.connection]: 🔍 [JANITOR DB] Pool Status -> Size: 25, CheckedOut: 0, Overflow: -19
2026-09-22 20:56:30 [INFO] [database.connection]: 🔍 [JANITOR DB] Pool Status -> Size: 25, CheckedOut: 0, Overflow: -19
2026-09-22 20:57:15 [INFO] [database.connection]: 🔍 [JANITOR DB] Pool Status -> Size: 25, CheckedOut: 0, Overflow: -19
2026-09-22 20:58:00 [INFO] [database.connection]: 🔍 [JANITOR DB] Pool Status -> Size: 25, CheckedOut: 0, Overflow: -19
2026-09-22 20:58:45 [INFO] [database.connection]: 🔍 [JANITOR DB] Pool Status -> Size: 25, CheckedOut: 0, Overflow: -19
2026-09-22 20:59:30 [INFO] [database.connection]: 🔍 [JANITOR DB] Pool Status -> Size: 25, CheckedOut: 0, Overflow: -19
2026-09-22 21:00:15 [INFO] [database.connection]: 🔍 [JANITOR DB] Pool Status -> Size: 25, CheckedOut: 0, Overflow: -19
2026-09-22 21:01:00 [INFO] [database.connection]: 🔍 [JANITOR DB] Pool Status -> Size: 25, CheckedOut: 0, Overflow: -19
2026-09-22 21:01:45 [INFO] [database.connection]: 🔍 [JANITOR DB] Pool Status -> Size: 25, CheckedOut: 0, Overflow: -19
2026-09-22 21:02:30 [INFO] [database.connection]: 🔍 [JANITOR DB] Pool Status -> Size: 25, CheckedOut: 0, Overflow: -19
2026-09-22 21:03:15 [INFO] [database.connection]: 🔍 [JANITOR DB] Pool Status -> Size: 25, CheckedOut: 0, Overflow: -19
2026-09-22 21:04:00 [INFO] [database.connection]: 🔍 [JANITOR DB] Pool Status -> Size: 25, CheckedOut: 0, Overflow: -19
2026-09-22 21:04:45 [INFO] [database.connection]: 🔍 [JANITOR DB] Pool Status -> Size: 25, CheckedOut: 0, Overflow: -19
2026-09-22 21:05:30 [INFO] [database.connection]: 🔍 [JANITOR DB] Pool Status -> Size: 25, CheckedOut: 0, Overflow: -19
2026-09-22 21:06:15 [INFO] [database.connection]: 🔍 [JANITOR DB] Pool Status -> Size: 25, CheckedOut: 0, Overflow: -19
2026-09-22 21:07:00 [INFO] [database.connection]: 🔍 [JANITOR DB] Pool Status -> Size: 25, CheckedOut: 0, Overflow: -19
2026-09-22 21:07:45 [INFO] [database.connection]: 🔍 [JANITOR DB] Pool Status -> Size: 25, CheckedOut: 0, Overflow: -19
2026-09-22 21:08:30 [INFO] [database.connection]: 🔍 [JANITOR DB] Pool Status -> Size: 25, CheckedOut: 0, Overflow: -19
2026-09-22 21:09:15 [INFO] [database.connection]: 🔍 [JANITOR DB] Pool Status -> Size: 25, CheckedOut: 0, Overflow: -19
2026-09-22 21:10:00 [INFO] [database.connection]: 🔍 [JANITOR DB] Pool Status -> Size: 25, CheckedOut: 0, Overflow: -19
2026-09-22 21:10:45 [INFO] [database.connection]: 🔍 [JANITOR DB] Pool Status -> Size: 25, CheckedOut: 0, Overflow: -19
2026-09-22 21:11:30 [INFO] [database.connection]: 🔍 [JANITOR DB] Pool Status -> Size: 25, CheckedOut: 0, Overflow: -19
2026-09-22 21:12:15 [INFO] [database.connection]: 🔍 [JANITOR DB] Pool Status -> Size: 25, CheckedOut: 0, Overflow: -19
2026-09-22 21:13:00 [INFO] [database.connection]: 🔍 [JANITOR DB] Pool Status -> Size: 25, CheckedOut: 0, Overflow: -19
2026-09-22 21:13:45 [INFO] [database.connection]: 🔍 [JANITOR DB] Pool Status -> Size: 25, CheckedOut: 0, Overflow: -19
2026-09-22 21:14:30 [INFO] [database.connection]: 🔍 [JANITOR DB] Pool Status -> Size: 25, CheckedOut: 0, Overflow: -19
2026-09-22 21:15:15 [INFO] [database.connection]: 🔍 [JANITOR DB] Pool Status -> Size: 25, CheckedOut: 0, Overflow: -19
2026-09-22 21:16:00 [INFO] [database.connection]: 🔍 [JANITOR DB] Pool Status -> Size: 25, CheckedOut: 0, Overflow: -19
2026-09-22 21:16:45 [INFO] [database.connection]: 🔍 [JANITOR DB] Pool Status -> Size: 25, CheckedOut: 0, Overflow: -19
2026-09-22 21:17:30 [INFO] [database.connection]: 🔍 [JANITOR DB] Pool Status -> Size: 25, CheckedOut: 0, Overflow: -19
2026-09-22 21:18:15 [INFO] [database.connection]: 🔍 [JANITOR DB] Pool Status -> Size: 25, CheckedOut: 0, Overflow: -19
2026-09-22 21:19:00 [INFO] [database.connection]: 🔍 [JANITOR DB] Pool Status -> Size: 25, CheckedOut: 0, Overflow: -19
2026-09-22 21:19:45 [INFO] [database.connection]: 🔍 [JANITOR DB] Pool Status -> Size: 25, CheckedOut: 0, Overflow: -19
2026-09-22 21:20:30 [INFO] [database.connection]: 🔍 [JANITOR DB] Pool Status -> Size: 25, CheckedOut: 0, Overflow: -19
2026-09-22 21:21:15 [INFO] [database.connection]: 🔍 [JANITOR DB] Pool Status -> Size: 25, CheckedOut: 0, Overflow: -19
2026-09-22 21:22:00 [INFO] [database.connection]: 🔍 [JANITOR DB] Pool Status -> Size: 25, CheckedOut: 0, Overflow: -19
2026-09-22 21:22:45 [INFO] [database.connection]: 🔍 [JANITOR DB] Pool Status -> Size: 25, CheckedOut: 0, Overflow: -19
2026-09-22 21:23:30 [INFO] [database.connection]: 🔍 [JANITOR DB] Pool Status -> Size: 25, CheckedOut: 0, Overflow: -19
2026-09-22 21:23:56 [INFO] [core.logging_setup]: 📁 Log persistente ativo em /app/logs/backend.log
2026-09-22 21:24:03 [WARNING] [api.main]: ⚠️ session_analysis não encontrado.
2026-09-22 21:24:15 [INFO] [database.connection]: 🔍 [JANITOR DB] Pool Status -> Size: 25, CheckedOut: 0, Overflow: -19
2026-09-22 21:24:51 [INFO] [api.main]: 🛑 API Modular encerrando...
2026-09-22 21:24:55 [INFO] [core.logging_setup]: 📁 Log persistente ativo em /app/logs/backend.log
2026-09-22 21:24:56 [INFO] [database.sync]: ✨ Banco de dados 'ai_agent_db' já existe.
2026-09-22 21:24:56 [INFO] [database.sync]: 🔍 Iniciando auto-sincronização de schema...
2026-09-22 21:24:56 [INFO] [database.sync]: Checking table: agent_tools
2026-09-22 21:24:56 [INFO] [database.sync]: Checking table: agent_knowledge_bases
2026-09-22 21:24:56 [INFO] [database.sync]: Checking table: interaction_logs
2026-09-22 21:24:56 [INFO] [database.sync]: Checking table: session_summaries
2026-09-22 21:24:56 [INFO] [database.sync]: Checking table: knowledge_bases
2026-09-22 21:24:56 [INFO] [database.sync]: Checking table: knowledge_items
2026-09-22 21:24:56 [INFO] [database.sync]: Checking table: agent_config
2026-09-22 21:24:56 [INFO] [database.sync]: Checking table: tools
2026-09-22 21:24:56 [INFO] [database.sync]: Checking table: prompt_drafts
2026-09-22 21:24:56 [INFO] [database.sync]: Checking table: user_memory
2026-09-22 21:24:56 [INFO] [database.sync]: Checking table: feedback_logs
2026-09-22 21:24:56 [INFO] [database.sync]: Checking table: google_tokens
2026-09-22 21:24:56 [INFO] [database.sync]: Checking table: global_context_variables
2026-09-22 21:24:56 [INFO] [database.sync]: Checking table: users
2026-09-22 21:24:56 [INFO] [database.sync]: Checking table: user_invites
2026-09-22 21:24:56 [INFO] [database.sync]: Checking table: unanswered_questions
2026-09-22 21:24:56 [INFO] [database.sync]: Checking table: support_requests
2026-09-22 21:24:56 [INFO] [database.sync]: Checking table: webhook_configs
2026-09-22 21:24:56 [INFO] [database.sync]: Checking table: webhook_events
2026-09-22 21:24:56 [INFO] [database.sync]: Checking table: transcription_folders
2026-09-22 21:24:56 [INFO] [database.sync]: Checking table: transcription_tasks
2026-09-22 21:24:56 [INFO] [database.sync]: Checking table: scheduled_triggers
2026-09-22 21:24:56 [INFO] [database.sync]: Checking table: message_status
2026-09-22 21:24:56 [INFO] [database.sync]: Checking table: user_question_embeddings
2026-09-22 21:24:56 [INFO] [database.sync]: Checking table: objection_clusters
2026-09-22 21:24:56 [INFO] [database.sync]: Checking table: objection_cluster_messages
2026-09-22 21:24:56 [INFO] [database.sync]: Checking table: backup_configs
2026-09-22 21:24:56 [INFO] [database.sync]: Checking table: backup_history
2026-09-22 21:24:56 [INFO] [database.sync]: Checking table: sales
2026-09-22 21:24:56 [INFO] [database.sync]: Checking table: calendar_events
2026-09-22 21:24:56 [INFO] [database.sync]: Checking table: testimonial_categories
2026-09-22 21:24:56 [INFO] [database.sync]: Checking table: testimonials
2026-09-22 21:24:56 [INFO] [database.sync]: Checking table: sent_testimonials
2026-09-22 21:24:56 [INFO] [database.sync]: Checking table: leads
2026-09-22 21:24:56 [INFO] [database.sync]: Checking table: semantic_caches
2026-09-22 21:24:56 [INFO] [database.sync]: Checking table: question_funnels
2026-09-22 21:24:56 [INFO] [database.sync]: ✅ Sincronização de schema concluída.
2026-09-22 21:24:56 [INFO] [database]: ✅ Inicialização do banco de dados concluída com sucesso!
2026-09-22 21:24:57 [INFO] [core.logging_setup]: 📁 Log persistente ativo em /app/logs/backend.log
2026-09-22 21:24:58 [INFO] [core.logging_setup]: 📁 Log persistente ativo em /app/logs/backend.log
2026-09-22 21:24:59 [INFO] [core.logging_setup]: 📁 Log persistente ativo em /app/logs/backend.log
2026-09-22 21:25:06 [WARNING] [api.main]: ⚠️ session_analysis não encontrado.
2026-09-22 21:25:07 [INFO] [api.main]: 🚀 API Modular iniciando...
2026-09-22 21:25:07 [INFO] [database.sync]: ✨ Banco de dados 'ai_agent_db' já existe.
2026-09-22 21:25:07 [INFO] [database.sync]: 🔍 Iniciando auto-sincronização de schema...
2026-09-22 21:25:07 [INFO] [database.sync]: Checking table: agent_tools
2026-09-22 21:25:07 [INFO] [database.sync]: Checking table: agent_knowledge_bases
2026-09-22 21:25:07 [INFO] [database.sync]: Checking table: interaction_logs
2026-09-22 21:25:07 [INFO] [database.sync]: Checking table: session_summaries
2026-09-22 21:25:07 [INFO] [database.sync]: Checking table: knowledge_bases
2026-09-22 21:25:07 [INFO] [database.sync]: Checking table: knowledge_items
2026-09-22 21:25:07 [INFO] [database.sync]: Checking table: agent_config
2026-09-22 21:25:07 [INFO] [database.sync]: Checking table: tools
2026-09-22 21:25:07 [INFO] [database.sync]: Checking table: prompt_drafts
2026-09-22 21:25:07 [INFO] [database.sync]: Checking table: user_memory
2026-09-22 21:25:07 [INFO] [database.sync]: Checking table: feedback_logs
2026-09-22 21:25:07 [INFO] [database.sync]: Checking table: google_tokens
2026-09-22 21:25:07 [INFO] [database.sync]: Checking table: global_context_variables
2026-09-22 21:25:07 [INFO] [database.sync]: Checking table: users
2026-09-22 21:25:07 [INFO] [database.sync]: Checking table: user_invites
2026-09-22 21:25:07 [INFO] [database.sync]: Checking table: unanswered_questions
2026-09-22 21:25:07 [INFO] [database.sync]: Checking table: support_requests
2026-09-22 21:25:07 [INFO] [database.sync]: Checking table: webhook_configs
2026-09-22 21:25:07 [INFO] [database.sync]: Checking table: webhook_events
2026-09-22 21:25:07 [INFO] [database.sync]: Checking table: transcription_folders
2026-09-22 21:25:07 [INFO] [database.sync]: Checking table: transcription_tasks
2026-09-22 21:25:07 [INFO] [database.sync]: Checking table: scheduled_triggers
2026-09-22 21:25:07 [INFO] [database.sync]: Checking table: message_status
2026-09-22 21:25:07 [INFO] [database.sync]: Checking table: user_question_embeddings
2026-09-22 21:25:07 [INFO] [database.sync]: Checking table: objection_clusters
2026-09-22 21:25:07 [INFO] [database.sync]: Checking table: objection_cluster_messages
2026-09-22 21:25:07 [INFO] [database.sync]: Checking table: backup_configs
2026-09-22 21:25:07 [INFO] [database.sync]: Checking table: backup_history
2026-09-22 21:25:07 [INFO] [database.sync]: Checking table: sales
2026-09-22 21:25:07 [INFO] [database.sync]: Checking table: calendar_events
2026-09-22 21:25:07 [INFO] [database.sync]: Checking table: testimonial_categories
2026-09-22 21:25:08 [INFO] [database.sync]: Checking table: testimonials
2026-09-22 21:25:08 [INFO] [database.sync]: Checking table: sent_testimonials
2026-09-22 21:25:08 [INFO] [database.sync]: Checking table: leads
2026-09-22 21:25:08 [INFO] [database.sync]: Checking table: semantic_caches
2026-09-22 21:25:08 [INFO] [database.sync]: Checking table: question_funnels
2026-09-22 21:25:08 [INFO] [database.sync]: ✅ Sincronização de schema concluída.
2026-09-22 21:25:08 [INFO] [database]: ✅ Inicialização do banco de dados concluída com sucesso!
2026-09-22 21:25:08 [INFO] [api.main]: ✅ Banco de dados inicializado.
2026-09-22 21:25:08 [INFO] [core.websocket]: 📡 Redis conectado (Listener: True)
2026-09-22 21:25:08 [INFO] [core.websocket]: 👂 Listener Redis Pub/Sub iniciado.
2026-09-22 21:25:08 [INFO] [api.main]: 🧹 [JANITOR DB] Worker de monitoramento do pool ativado (intervalo: 45s).
2026-09-22 21:25:53 [INFO] [database.connection]: 🔍 [JANITOR DB] Pool Status -> Size: 25, CheckedOut: 0, Overflow: -24
2026-09-22 21:26:38 [INFO] [database.connection]: 🔍 [JANITOR DB] Pool Status -> Size: 25, CheckedOut: 0, Overflow: -24
2026-09-22 21:27:23 [INFO] [database.connection]: 🔍 [JANITOR DB] Pool Status -> Size: 25, CheckedOut: 0, Overflow: -24
2026-09-22 21:28:08 [INFO] [database.connection]: 🔍 [JANITOR DB] Pool Status -> Size: 25, CheckedOut: 0, Overflow: -24
2026-09-22 21:28:53 [INFO] [database.connection]: 🔍 [JANITOR DB] Pool Status -> Size: 25, CheckedOut: 0, Overflow: -24
2026-09-22 21:29:38 [INFO] [database.connection]: 🔍 [JANITOR DB] Pool Status -> Size: 25, CheckedOut: 0, Overflow: -23
2026-09-22 21:30:23 [INFO] [database.connection]: 🔍 [JANITOR DB] Pool Status -> Size: 25, CheckedOut: 0, Overflow: -21
2026-09-22 21:30:25 [INFO] [api.routers.tools]: [LABELS] Config ZapVoice recuperada via fallback do WebhookConfig: url=https://api.aryaraj.shop, client_id=11
2026-09-22 21:30:25 [INFO] [api.routers.tools]: [LABELS] Chamando ZapVoice: https://api.aryaraj.shop/api/chat/labels com client_id=11
2026-09-22 21:30:25 [INFO] [api.routers.tools]: [LABELS] Config ZapVoice recuperada via fallback do WebhookConfig: url=https://api.aryaraj.shop, client_id=11
2026-09-22 21:30:25 [INFO] [api.routers.tools]: [LABELS] Chamando ZapVoice: https://api.aryaraj.shop/api/chat/labels com client_id=11
2026-09-22 21:30:25 [INFO] [api.routers.tools]: [LABELS] ZapVoice respondeu 200: ["compra_aprovada_bussula","pepepopop","porrrrrrrrr","robo","teste_do_amor","tete-toto","tettotoklkkkllklklkl","whatsapp"]
2026-09-22 21:30:25 [INFO] [api.routers.tools]: [LABELS] ZapVoice respondeu 200: ["compra_aprovada_bussula","pepepopop","porrrrrrrrr","robo","teste_do_amor","tete-toto","tettotoklkkkllklklkl","whatsapp"]
2026-09-22 21:30:27 [INFO] [core.websocket]: Nova conexão WebSocket estabelecida. Total local: 1
2026-09-22 21:30:27 [INFO] [webhooks.leads_modules.listing]: 📊 Buscando leads para webhook 113 na tabela leads (Page: 1, Size: 20, Search: None)
2026-09-22 21:30:27 [INFO] [webhooks.leads_modules.listing]: ✅ Encontrados 20 leads de um total de 1502.
2026-09-22 21:30:27 [INFO] [webhooks.leads_modules.listing]: 📊 Buscando leads para webhook 113 na tabela leads (Page: 1, Size: 20, Search: None)
2026-09-22 21:30:27 [INFO] [webhooks.leads_modules.listing]: ✅ Encontrados 20 leads de um total de 1502.
2026-09-22 21:30:27 [INFO] [webhooks.leads_modules.listing]: 📊 Buscando leads para webhook 113 na tabela leads (Page: 1, Size: 20, Search: None)
2026-09-22 21:30:27 [INFO] [webhooks.leads_modules.listing]: ✅ Encontrados 20 leads de um total de 1502.
2026-09-22 21:30:29 [INFO] [core.websocket]: Conexão WebSocket encerrada. Total local: 0
2026-09-22 21:30:29 [INFO] [core.websocket]: Nova conexão WebSocket estabelecida. Total local: 1
2026-09-22 21:30:29 [INFO] [core.websocket]: Nova conexão WebSocket estabelecida. Total local: 2
2026-09-22 21:30:29 [INFO] [core.websocket]: Conexão WebSocket encerrada. Total local: 1
2026-09-22 21:30:33 [INFO] [core.websocket]: Conexão WebSocket encerrada. Total local: 0
2026-09-22 21:31:08 [INFO] [database.connection]: 🔍 [JANITOR DB] Pool Status -> Size: 25, CheckedOut: 0, Overflow: -19
2026-09-22 21:31:53 [INFO] [database.connection]: 🔍 [JANITOR DB] Pool Status -> Size: 25, CheckedOut: 0, Overflow: -19
2026-09-22 21:32:38 [INFO] [database.connection]: 🔍 [JANITOR DB] Pool Status -> Size: 25, CheckedOut: 0, Overflow: -19
2026-09-22 21:33:23 [INFO] [database.connection]: 🔍 [JANITOR DB] Pool Status -> Size: 25, CheckedOut: 0, Overflow: -19
2026-09-22 21:34:08 [INFO] [database.connection]: 🔍 [JANITOR DB] Pool Status -> Size: 25, CheckedOut: 0, Overflow: -19
2026-09-22 21:34:53 [INFO] [database.connection]: 🔍 [JANITOR DB] Pool Status -> Size: 25, CheckedOut: 0, Overflow: -19
2026-09-22 21:35:38 [INFO] [database.connection]: 🔍 [JANITOR DB] Pool Status -> Size: 25, CheckedOut: 0, Overflow: -19
2026-09-22 21:36:23 [INFO] [database.connection]: 🔍 [JANITOR DB] Pool Status -> Size: 25, CheckedOut: 0, Overflow: -19
2026-09-22 21:37:08 [INFO] [database.connection]: 🔍 [JANITOR DB] Pool Status -> Size: 25, CheckedOut: 0, Overflow: -19
2026-09-22 21:37:53 [INFO] [database.connection]: 🔍 [JANITOR DB] Pool Status -> Size: 25, CheckedOut: 0, Overflow: -19
2026-09-22 21:37:58 [INFO] [api.routers.tools]: [LABELS] Config ZapVoice recuperada via fallback do WebhookConfig: url=https://api.aryaraj.shop, client_id=11
2026-09-22 21:37:58 [INFO] [api.routers.tools]: [LABELS] Chamando ZapVoice: https://api.aryaraj.shop/api/chat/labels com client_id=11
2026-09-22 21:37:58 [INFO] [api.routers.tools]: [LABELS] Config ZapVoice recuperada via fallback do WebhookConfig: url=https://api.aryaraj.shop, client_id=11
2026-09-22 21:37:58 [INFO] [api.routers.tools]: [LABELS] Chamando ZapVoice: https://api.aryaraj.shop/api/chat/labels com client_id=11
2026-09-22 21:37:59 [INFO] [api.routers.tools]: [LABELS] ZapVoice respondeu 200: ["compra_aprovada_bussula","pepepopop","porrrrrrrrr","robo","teste_do_amor","tete-toto","tettotoklkkkllklklkl","whatsapp"]
2026-09-22 21:37:59 [INFO] [api.routers.tools]: [LABELS] ZapVoice respondeu 200: ["compra_aprovada_bussula","pepepopop","porrrrrrrrr","robo","teste_do_amor","tete-toto","tettotoklkkkllklklkl","whatsapp"]
2026-09-22 21:37:59 [INFO] [api.routers.tools]: [LABELS] Chamando ZapVoice: https://api.aryaraj.shop/api/chat/labels com client_id=11
2026-09-22 21:37:59 [INFO] [api.routers.tools]: [LABELS] Chamando ZapVoice: https://api.aryaraj.shop/api/chat/labels com client_id=11
2026-09-22 21:38:00 [INFO] [api.routers.tools]: [LABELS] ZapVoice respondeu 200: ["compra_aprovada_bussula","pepepopop","porrrrrrrrr","robo","teste_do_amor","tete-toto","tettotoklkkkllklklkl","whatsapp"]
2026-09-22 21:38:00 [INFO] [api.routers.tools]: [LABELS] ZapVoice respondeu 200: ["compra_aprovada_bussula","pepepopop","porrrrrrrrr","robo","teste_do_amor","tete-toto","tettotoklkkkllklklkl","whatsapp"]
2026-09-22 21:38:01 [INFO] [zapvoice_utils]: ✅ 8 templates WhatsApp recuperados do ZapVoice.
2026-09-22 21:38:28 [INFO] [api.routers.tools]: [LABELS] Config ZapVoice recuperada via fallback do WebhookConfig: url=https://api.aryaraj.shop, client_id=11
2026-09-22 21:38:28 [INFO] [api.routers.tools]: [LABELS] Chamando ZapVoice: https://api.aryaraj.shop/api/chat/labels com client_id=11
2026-09-22 21:38:28 [INFO] [api.routers.tools]: [LABELS] Config ZapVoice recuperada via fallback do WebhookConfig: url=https://api.aryaraj.shop, client_id=11
2026-09-22 21:38:28 [INFO] [api.routers.tools]: [LABELS] Chamando ZapVoice: https://api.aryaraj.shop/api/chat/labels com client_id=11
2026-09-22 21:38:28 [INFO] [api.routers.tools]: [LABELS] ZapVoice respondeu 200: ["compra_aprovada_bussula","pepepopop","porrrrrrrrr","robo","teste_do_amor","tete-toto","tettotoklkkkllklklkl","whatsapp"]
2026-09-22 21:38:28 [INFO] [api.routers.tools]: [LABELS] ZapVoice respondeu 200: ["compra_aprovada_bussula","pepepopop","porrrrrrrrr","robo","teste_do_amor","tete-toto","tettotoklkkkllklklkl","whatsapp"]
2026-09-22 21:38:29 [INFO] [api.routers.tools]: [LABELS] Chamando ZapVoice: https://api.aryaraj.shop/api/chat/labels com client_id=11
2026-09-22 21:38:29 [INFO] [api.routers.tools]: [LABELS] Chamando ZapVoice: https://api.aryaraj.shop/api/chat/labels com client_id=11
2026-09-22 21:38:29 [INFO] [api.routers.tools]: [LABELS] ZapVoice respondeu 200: ["compra_aprovada_bussula","pepepopop","porrrrrrrrr","robo","teste_do_amor","tete-toto","tettotoklkkkllklklkl","whatsapp"]
2026-09-22 21:38:29 [INFO] [api.routers.tools]: [LABELS] ZapVoice respondeu 200: ["compra_aprovada_bussula","pepepopop","porrrrrrrrr","robo","teste_do_amor","tete-toto","tettotoklkkkllklklkl","whatsapp"]
2026-09-22 21:38:30 [INFO] [zapvoice_utils]: ✅ 8 templates WhatsApp recuperados do ZapVoice.
2026-09-22 21:38:38 [INFO] [database.connection]: 🔍 [JANITOR DB] Pool Status -> Size: 25, CheckedOut: 0, Overflow: -19
2026-09-22 21:39:08 [INFO] [api.routers.tools]: [LABELS] Config ZapVoice recuperada via fallback do WebhookConfig: url=https://api.aryaraj.shop, client_id=11
2026-09-22 21:39:08 [INFO] [api.routers.tools]: [LABELS] Chamando ZapVoice: https://api.aryaraj.shop/api/chat/labels com client_id=11
2026-09-22 21:39:08 [INFO] [api.routers.tools]: [LABELS] Config ZapVoice recuperada via fallback do WebhookConfig: url=https://api.aryaraj.shop, client_id=11
2026-09-22 21:39:08 [INFO] [api.routers.tools]: [LABELS] Chamando ZapVoice: https://api.aryaraj.shop/api/chat/labels com client_id=11
2026-09-22 21:39:08 [INFO] [api.routers.tools]: [LABELS] ZapVoice respondeu 200: ["compra_aprovada_bussula","pepepopop","porrrrrrrrr","robo","teste_do_amor","tete-toto","tettotoklkkkllklklkl","whatsapp"]
2026-09-22 21:39:08 [INFO] [api.routers.tools]: [LABELS] ZapVoice respondeu 200: ["compra_aprovada_bussula","pepepopop","porrrrrrrrr","robo","teste_do_amor","tete-toto","tettotoklkkkllklklkl","whatsapp"]
2026-09-22 21:39:10 [INFO] [api.routers.tools]: [LABELS] Chamando ZapVoice: https://api.aryaraj.shop/api/chat/labels com client_id=11
2026-09-22 21:39:10 [INFO] [api.routers.tools]: [LABELS] Chamando ZapVoice: https://api.aryaraj.shop/api/chat/labels com client_id=11
2026-09-22 21:39:10 [INFO] [api.routers.tools]: [LABELS] ZapVoice respondeu 200: ["compra_aprovada_bussula","pepepopop","porrrrrrrrr","robo","teste_do_amor","tete-toto","tettotoklkkkllklklkl","whatsapp"]
2026-09-22 21:39:10 [INFO] [api.routers.tools]: [LABELS] ZapVoice respondeu 200: ["compra_aprovada_bussula","pepepopop","porrrrrrrrr","robo","teste_do_amor","tete-toto","tettotoklkkkllklklkl","whatsapp"]
2026-09-22 21:39:12 [INFO] [zapvoice_utils]: ✅ 8 templates WhatsApp recuperados do ZapVoice.
2026-09-22 21:39:23 [INFO] [database.connection]: 🔍 [JANITOR DB] Pool Status -> Size: 25, CheckedOut: 0, Overflow: -19
2026-09-22 21:40:08 [INFO] [database.connection]: 🔍 [JANITOR DB] Pool Status -> Size: 25, CheckedOut: 0, Overflow: -19
2026-09-22 21:40:53 [INFO] [database.connection]: 🔍 [JANITOR DB] Pool Status -> Size: 25, CheckedOut: 0, Overflow: -19
2026-09-22 21:41:38 [INFO] [database.connection]: 🔍 [JANITOR DB] Pool Status -> Size: 25, CheckedOut: 0, Overflow: -19
2026-09-22 21:42:23 [INFO] [database.connection]: 🔍 [JANITOR DB] Pool Status -> Size: 25, CheckedOut: 0, Overflow: -19
2026-09-22 21:42:25 [INFO] [api.routers.tools]: [LABELS] Chamando ZapVoice: https://api.aryaraj.shop/api/chat/labels com client_id=11
2026-09-22 21:42:26 [INFO] [api.routers.tools]: [LABELS] ZapVoice respondeu 200: ["compra_aprovada_bussula","pepepopop","porrrrrrrrr","robo","teste_do_amor","tete-toto","tettotoklkkkllklklkl","whatsapp"]
2026-09-22 21:42:29 [INFO] [zapvoice_utils]: ✅ 8 templates WhatsApp recuperados do ZapVoice.
2026-09-22 21:42:40 [INFO] [zapvoice_utils]: ✅ 8 templates WhatsApp recuperados do ZapVoice.
2026-09-22 21:43:08 [INFO] [database.connection]: 🔍 [JANITOR DB] Pool Status -> Size: 25, CheckedOut: 0, Overflow: -19
2026-09-22 21:43:53 [INFO] [database.connection]: 🔍 [JANITOR DB] Pool Status -> Size: 25, CheckedOut: 0, Overflow: -19
2026-09-22 21:44:38 [INFO] [database.connection]: 🔍 [JANITOR DB] Pool Status -> Size: 25, CheckedOut: 0, Overflow: -19
2026-09-22 21:45:23 [INFO] [database.connection]: 🔍 [JANITOR DB] Pool Status -> Size: 25, CheckedOut: 0, Overflow: -19
2026-09-22 21:46:08 [INFO] [database.connection]: 🔍 [JANITOR DB] Pool Status -> Size: 25, CheckedOut: 0, Overflow: -19
2026-09-22 21:46:53 [INFO] [database.connection]: 🔍 [JANITOR DB] Pool Status -> Size: 25, CheckedOut: 0, Overflow: -19
2026-09-22 21:47:38 [INFO] [database.connection]: 🔍 [JANITOR DB] Pool Status -> Size: 25, CheckedOut: 0, Overflow: -19
2026-09-22 21:48:13 [INFO] [api.routers.tools]: [LABELS] Config ZapVoice recuperada via fallback do WebhookConfig: url=https://api.aryaraj.shop, client_id=11
2026-09-22 21:48:13 [INFO] [api.routers.tools]: [LABELS] Chamando ZapVoice: https://api.aryaraj.shop/api/chat/labels com client_id=11
2026-09-22 21:48:13 [INFO] [api.routers.tools]: [LABELS] Config ZapVoice recuperada via fallback do WebhookConfig: url=https://api.aryaraj.shop, client_id=11
2026-09-22 21:48:13 [INFO] [api.routers.tools]: [LABELS] Chamando ZapVoice: https://api.aryaraj.shop/api/chat/labels com client_id=11
2026-09-22 21:48:13 [INFO] [api.routers.tools]: [LABELS] ZapVoice respondeu 200: ["compra_aprovada_bussula","pepepopop","porrrrrrrrr","robo","teste_do_amor","tete-toto","tettotoklkkkllklklkl","whatsapp"]
2026-09-22 21:48:14 [INFO] [api.routers.tools]: [LABELS] ZapVoice respondeu 200: ["compra_aprovada_bussula","pepepopop","porrrrrrrrr","robo","teste_do_amor","tete-toto","tettotoklkkkllklklkl","whatsapp"]
2026-09-22 21:48:15 [INFO] [api.routers.tools]: [LABELS] Chamando ZapVoice: https://api.aryaraj.shop/api/chat/labels com client_id=11
2026-09-22 21:48:15 [INFO] [api.routers.tools]: [LABELS] Chamando ZapVoice: https://api.aryaraj.shop/api/chat/labels com client_id=11
2026-09-22 21:48:15 [INFO] [api.routers.tools]: [LABELS] ZapVoice respondeu 200: ["compra_aprovada_bussula","pepepopop","porrrrrrrrr","robo","teste_do_amor","tete-toto","tettotoklkkkllklklkl","whatsapp"]
2026-09-22 21:48:15 [INFO] [api.routers.tools]: [LABELS] ZapVoice respondeu 200: ["compra_aprovada_bussula","pepepopop","porrrrrrrrr","robo","teste_do_amor","tete-toto","tettotoklkkkllklklkl","whatsapp"]
2026-09-22 21:48:18 [INFO] [zapvoice_utils]: ✅ 8 templates WhatsApp recuperados do ZapVoice.
2026-09-22 21:48:23 [INFO] [database.connection]: 🔍 [JANITOR DB] Pool Status -> Size: 25, CheckedOut: 0, Overflow: -19
2026-09-22 21:49:08 [INFO] [database.connection]: 🔍 [JANITOR DB] Pool Status -> Size: 25, CheckedOut: 0, Overflow: -19
2026-09-22 21:49:53 [INFO] [database.connection]: 🔍 [JANITOR DB] Pool Status -> Size: 25, CheckedOut: 0, Overflow: -19
2026-09-22 21:50:38 [INFO] [database.connection]: 🔍 [JANITOR DB] Pool Status -> Size: 25, CheckedOut: 0, Overflow: -19
2026-09-22 21:50:39 [INFO] [api.routers.tools]: [LABELS] Config ZapVoice recuperada via fallback do WebhookConfig: url=https://api.aryaraj.shop, client_id=11
2026-09-22 21:50:39 [INFO] [api.routers.tools]: [LABELS] Chamando ZapVoice: https://api.aryaraj.shop/api/chat/labels com client_id=11
2026-09-22 21:50:39 [INFO] [api.routers.tools]: [LABELS] Config ZapVoice recuperada via fallback do WebhookConfig: url=https://api.aryaraj.shop, client_id=11
2026-09-22 21:50:39 [INFO] [api.routers.tools]: [LABELS] Chamando ZapVoice: https://api.aryaraj.shop/api/chat/labels com client_id=11
2026-09-22 21:50:39 [INFO] [api.routers.tools]: [LABELS] ZapVoice respondeu 200: ["compra_aprovada_bussula","pepepopop","porrrrrrrrr","robo","teste_do_amor","tete-toto","tettotoklkkkllklklkl","whatsapp"]
2026-09-22 21:50:39 [INFO] [api.routers.tools]: [LABELS] ZapVoice respondeu 200: ["compra_aprovada_bussula","pepepopop","porrrrrrrrr","robo","teste_do_amor","tete-toto","tettotoklkkkllklklkl","whatsapp"]
2026-09-22 21:50:40 [INFO] [webhooks.leads_modules.listing]: 📊 Buscando leads para webhook 113 na tabela leads (Page: 1, Size: 20, Search: None)
2026-09-22 21:50:40 [INFO] [core.websocket]: Nova conexão WebSocket estabelecida. Total local: 1
2026-09-22 21:50:40 [INFO] [webhooks.leads_modules.listing]: ✅ Encontrados 20 leads de um total de 1502.
2026-09-22 21:50:40 [INFO] [webhooks.leads_modules.listing]: 📊 Buscando leads para webhook 113 na tabela leads (Page: 1, Size: 20, Search: None)
2026-09-22 21:50:40 [INFO] [webhooks.leads_modules.listing]: ✅ Encontrados 20 leads de um total de 1502.
2026-09-22 21:50:40 [INFO] [webhooks.leads_modules.listing]: 📊 Buscando leads para webhook 113 na tabela leads (Page: 1, Size: 20, Search: None)
2026-09-22 21:50:40 [INFO] [webhooks.leads_modules.listing]: ✅ Encontrados 20 leads de um total de 1502.
2026-09-22 21:50:41 [INFO] [core.websocket]: Conexão WebSocket encerrada. Total local: 0
2026-09-22 21:50:41 [INFO] [core.websocket]: Nova conexão WebSocket estabelecida. Total local: 1
2026-09-22 21:50:41 [INFO] [core.websocket]: Conexão WebSocket encerrada. Total local: 0
2026-09-22 21:50:41 [INFO] [core.websocket]: Nova conexão WebSocket estabelecida. Total local: 1
2026-09-22 21:50:47 [INFO] [core.websocket]: Conexão WebSocket encerrada. Total local: 0
2026-09-22 21:50:47 [INFO] [core.websocket]: Nova conexão WebSocket estabelecida. Total local: 1
2026-09-22 21:50:47 [INFO] [webhooks.leads_modules.listing]: 📊 Buscando leads para webhook 113 na tabela leads (Page: 1, Size: 20, Search: None)
2026-09-22 21:50:47 [INFO] [webhooks.leads_modules.listing]: ✅ Encontrados 20 leads de um total de 1502.
2026-09-22 21:50:47 [INFO] [webhooks.leads_modules.listing]: 📊 Buscando leads para webhook 113 na tabela leads (Page: 1, Size: 20, Search: None)
2026-09-22 21:50:47 [INFO] [webhooks.leads_modules.listing]: ✅ Encontrados 20 leads de um total de 1502.
2026-09-22 21:50:49 [INFO] [core.websocket]: Conexão WebSocket encerrada. Total local: 0
2026-09-22 21:50:50 [INFO] [api.routers.tools]: [LABELS] Chamando ZapVoice: https://api.aryaraj.shop/api/chat/labels com client_id=11
2026-09-22 21:50:50 [INFO] [api.routers.tools]: [LABELS] Chamando ZapVoice: https://api.aryaraj.shop/api/chat/labels com client_id=11
2026-09-22 21:50:50 [INFO] [api.routers.tools]: [LABELS] ZapVoice respondeu 200: ["compra_aprovada_bussula","pepepopop","porrrrrrrrr","robo","teste_do_amor","tete-toto","tettotoklkkkllklklkl","whatsapp"]
2026-09-22 21:50:50 [INFO] [api.routers.tools]: [LABELS] ZapVoice respondeu 200: ["compra_aprovada_bussula","pepepopop","porrrrrrrrr","robo","teste_do_amor","tete-toto","tettotoklkkkllklklkl","whatsapp"]
2026-09-22 21:50:51 [INFO] [zapvoice_utils]: ✅ 8 templates WhatsApp recuperados do ZapVoice.
2026-09-22 21:51:23 [INFO] [database.connection]: 🔍 [JANITOR DB] Pool Status -> Size: 25, CheckedOut: 0, Overflow: -19
2026-09-22 21:52:08 [INFO] [database.connection]: 🔍 [JANITOR DB] Pool Status -> Size: 25, CheckedOut: 0, Overflow: -19
2026-09-22 21:52:53 [INFO] [database.connection]: 🔍 [JANITOR DB] Pool Status -> Size: 25, CheckedOut: 0, Overflow: -19
2026-09-22 21:53:38 [INFO] [database.connection]: 🔍 [JANITOR DB] Pool Status -> Size: 25, CheckedOut: 0, Overflow: -19
2026-09-22 21:54:23 [INFO] [database.connection]: 🔍 [JANITOR DB] Pool Status -> Size: 25, CheckedOut: 0, Overflow: -19
2026-09-22 21:55:08 [INFO] [database.connection]: 🔍 [JANITOR DB] Pool Status -> Size: 25, CheckedOut: 0, Overflow: -19
2026-09-22 21:55:53 [INFO] [database.connection]: 🔍 [JANITOR DB] Pool Status -> Size: 25, CheckedOut: 0, Overflow: -19
2026-09-22 21:56:38 [INFO] [database.connection]: 🔍 [JANITOR DB] Pool Status -> Size: 25, CheckedOut: 0, Overflow: -19
2026-09-22 21:57:23 [INFO] [database.connection]: 🔍 [JANITOR DB] Pool Status -> Size: 25, CheckedOut: 0, Overflow: -19
2026-09-22 21:58:08 [INFO] [database.connection]: 🔍 [JANITOR DB] Pool Status -> Size: 25, CheckedOut: 0, Overflow: -19
2026-09-22 21:58:53 [INFO] [database.connection]: 🔍 [JANITOR DB] Pool Status -> Size: 25, CheckedOut: 0, Overflow: -19
2026-09-22 21:59:38 [INFO] [database.connection]: 🔍 [JANITOR DB] Pool Status -> Size: 25, CheckedOut: 0, Overflow: -19
2026-09-22 22:00:23 [INFO] [database.connection]: 🔍 [JANITOR DB] Pool Status -> Size: 25, CheckedOut: 0, Overflow: -19
2026-09-22 22:01:08 [INFO] [database.connection]: 🔍 [JANITOR DB] Pool Status -> Size: 25, CheckedOut: 0, Overflow: -19
2026-09-22 22:01:53 [INFO] [database.connection]: 🔍 [JANITOR DB] Pool Status -> Size: 25, CheckedOut: 0, Overflow: -19
2026-09-22 22:02:38 [INFO] [database.connection]: 🔍 [JANITOR DB] Pool Status -> Size: 25, CheckedOut: 0, Overflow: -19
2026-09-22 22:03:23 [INFO] [database.connection]: 🔍 [JANITOR DB] Pool Status -> Size: 25, CheckedOut: 0, Overflow: -19
2026-09-22 22:04:08 [INFO] [database.connection]: 🔍 [JANITOR DB] Pool Status -> Size: 25, CheckedOut: 0, Overflow: -19
2026-09-22 22:04:53 [INFO] [database.connection]: 🔍 [JANITOR DB] Pool Status -> Size: 25, CheckedOut: 0, Overflow: -19
2026-09-22 22:05:38 [INFO] [database.connection]: 🔍 [JANITOR DB] Pool Status -> Size: 25, CheckedOut: 0, Overflow: -19
2026-09-22 22:06:23 [INFO] [database.connection]: 🔍 [JANITOR DB] Pool Status -> Size: 25, CheckedOut: 0, Overflow: -19
2026-09-22 22:07:08 [INFO] [database.connection]: 🔍 [JANITOR DB] Pool Status -> Size: 25, CheckedOut: 0, Overflow: -19
2026-09-22 22:07:53 [INFO] [database.connection]: 🔍 [JANITOR DB] Pool Status -> Size: 25, CheckedOut: 0, Overflow: -19
2026-09-22 22:08:38 [INFO] [database.connection]: 🔍 [JANITOR DB] Pool Status -> Size: 25, CheckedOut: 0, Overflow: -19
2026-09-22 22:09:23 [INFO] [database.connection]: 🔍 [JANITOR DB] Pool Status -> Size: 25, CheckedOut: 0, Overflow: -19
2026-09-22 22:10:08 [INFO] [database.connection]: 🔍 [JANITOR DB] Pool Status -> Size: 25, CheckedOut: 0, Overflow: -19
2026-09-22 22:10:53 [INFO] [database.connection]: 🔍 [JANITOR DB] Pool Status -> Size: 25, CheckedOut: 0, Overflow: -19
2026-09-22 22:11:38 [INFO] [database.connection]: 🔍 [JANITOR DB] Pool Status -> Size: 25, CheckedOut: 0, Overflow: -19
2026-09-22 22:12:23 [INFO] [database.connection]: 🔍 [JANITOR DB] Pool Status -> Size: 25, CheckedOut: 0, Overflow: -19
2026-09-22 22:13:08 [INFO] [database.connection]: 🔍 [JANITOR DB] Pool Status -> Size: 25, CheckedOut: 0, Overflow: -19
2026-09-22 22:13:53 [INFO] [database.connection]: 🔍 [JANITOR DB] Pool Status -> Size: 25, CheckedOut: 0, Overflow: -19
2026-09-22 22:14:38 [INFO] [database.connection]: 🔍 [JANITOR DB] Pool Status -> Size: 25, CheckedOut: 0, Overflow: -19
2026-09-22 22:15:23 [INFO] [database.connection]: 🔍 [JANITOR DB] Pool Status -> Size: 25, CheckedOut: 0, Overflow: -19
2026-09-22 22:16:08 [INFO] [database.connection]: 🔍 [JANITOR DB] Pool Status -> Size: 25, CheckedOut: 0, Overflow: -19
2026-09-22 22:16:53 [INFO] [database.connection]: 🔍 [JANITOR DB] Pool Status -> Size: 25, CheckedOut: 0, Overflow: -19
2026-09-22 22:17:38 [INFO] [database.connection]: 🔍 [JANITOR DB] Pool Status -> Size: 25, CheckedOut: 0, Overflow: -19
2026-09-22 22:18:23 [INFO] [database.connection]: 🔍 [JANITOR DB] Pool Status -> Size: 25, CheckedOut: 0, Overflow: -19
2026-09-22 22:19:08 [INFO] [database.connection]: 🔍 [JANITOR DB] Pool Status -> Size: 25, CheckedOut: 0, Overflow: -19
2026-09-22 22:19:53 [INFO] [database.connection]: 🔍 [JANITOR DB] Pool Status -> Size: 25, CheckedOut: 0, Overflow: -19
2026-09-22 22:20:38 [INFO] [database.connection]: 🔍 [JANITOR DB] Pool Status -> Size: 25, CheckedOut: 0, Overflow: -19
2026-09-22 22:21:23 [INFO] [database.connection]: 🔍 [JANITOR DB] Pool Status -> Size: 25, CheckedOut: 0, Overflow: -19
2026-09-22 22:22:08 [INFO] [database.connection]: 🔍 [JANITOR DB] Pool Status -> Size: 25, CheckedOut: 0, Overflow: -19
2026-09-22 22:22:53 [INFO] [database.connection]: 🔍 [JANITOR DB] Pool Status -> Size: 25, CheckedOut: 0, Overflow: -19
2026-09-22 22:23:38 [INFO] [database.connection]: 🔍 [JANITOR DB] Pool Status -> Size: 25, CheckedOut: 0, Overflow: -19
2026-09-22 22:24:23 [INFO] [database.connection]: 🔍 [JANITOR DB] Pool Status -> Size: 25, CheckedOut: 0, Overflow: -19
2026-09-22 22:25:08 [INFO] [database.connection]: 🔍 [JANITOR DB] Pool Status -> Size: 25, CheckedOut: 0, Overflow: -19
2026-09-22 22:25:53 [INFO] [database.connection]: 🔍 [JANITOR DB] Pool Status -> Size: 25, CheckedOut: 0, Overflow: -19
2026-09-22 22:26:38 [INFO] [database.connection]: 🔍 [JANITOR DB] Pool Status -> Size: 25, CheckedOut: 0, Overflow: -19
2026-09-22 22:27:23 [INFO] [database.connection]: 🔍 [JANITOR DB] Pool Status -> Size: 25, CheckedOut: 0, Overflow: -19
2026-09-22 22:28:08 [INFO] [database.connection]: 🔍 [JANITOR DB] Pool Status -> Size: 25, CheckedOut: 0, Overflow: -19
2026-09-22 22:28:53 [INFO] [database.connection]: 🔍 [JANITOR DB] Pool Status -> Size: 25, CheckedOut: 0, Overflow: -19
2026-09-22 22:29:38 [INFO] [database.connection]: 🔍 [JANITOR DB] Pool Status -> Size: 25, CheckedOut: 0, Overflow: -19
2026-09-22 22:30:23 [INFO] [database.connection]: 🔍 [JANITOR DB] Pool Status -> Size: 25, CheckedOut: 0, Overflow: -19
2026-09-22 22:31:08 [INFO] [database.connection]: 🔍 [JANITOR DB] Pool Status -> Size: 25, CheckedOut: 0, Overflow: -19
2026-09-22 22:31:53 [INFO] [database.connection]: 🔍 [JANITOR DB] Pool Status -> Size: 25, CheckedOut: 0, Overflow: -19
2026-09-22 22:32:38 [INFO] [database.connection]: 🔍 [JANITOR DB] Pool Status -> Size: 25, CheckedOut: 0, Overflow: -19
2026-09-22 22:33:23 [INFO] [database.connection]: 🔍 [JANITOR DB] Pool Status -> Size: 25, CheckedOut: 0, Overflow: -19
2026-09-22 22:34:08 [INFO] [database.connection]: 🔍 [JANITOR DB] Pool Status -> Size: 25, CheckedOut: 0, Overflow: -19
2026-09-22 22:34:53 [INFO] [database.connection]: 🔍 [JANITOR DB] Pool Status -> Size: 25, CheckedOut: 0, Overflow: -19
2026-09-22 22:35:38 [INFO] [database.connection]: 🔍 [JANITOR DB] Pool Status -> Size: 25, CheckedOut: 0, Overflow: -19
2026-09-22 22:36:23 [INFO] [database.connection]: 🔍 [JANITOR DB] Pool Status -> Size: 25, CheckedOut: 0, Overflow: -19
2026-09-22 22:37:08 [INFO] [database.connection]: 🔍 [JANITOR DB] Pool Status -> Size: 25, CheckedOut: 0, Overflow: -19
2026-09-22 22:37:53 [INFO] [database.connection]: 🔍 [JANITOR DB] Pool Status -> Size: 25, CheckedOut: 0, Overflow: -19
2026-09-22 22:38:38 [INFO] [database.connection]: 🔍 [JANITOR DB] Pool Status -> Size: 25, CheckedOut: 0, Overflow: -19
2026-09-22 22:39:23 [INFO] [database.connection]: 🔍 [JANITOR DB] Pool Status -> Size: 25, CheckedOut: 0, Overflow: -19
2026-09-22 22:40:08 [INFO] [database.connection]: 🔍 [JANITOR DB] Pool Status -> Size: 25, CheckedOut: 0, Overflow: -19
2026-09-22 22:40:53 [INFO] [database.connection]: 🔍 [JANITOR DB] Pool Status -> Size: 25, CheckedOut: 0, Overflow: -19
2026-09-22 22:41:38 [INFO] [database.connection]: 🔍 [JANITOR DB] Pool Status -> Size: 25, CheckedOut: 0, Overflow: -19
2026-09-22 22:42:23 [INFO] [database.connection]: 🔍 [JANITOR DB] Pool Status -> Size: 25, CheckedOut: 0, Overflow: -19
2026-09-22 22:43:08 [INFO] [database.connection]: 🔍 [JANITOR DB] Pool Status -> Size: 25, CheckedOut: 0, Overflow: -19
2026-09-22 22:43:53 [INFO] [database.connection]: 🔍 [JANITOR DB] Pool Status -> Size: 25, CheckedOut: 0, Overflow: -19
2026-09-22 22:44:38 [INFO] [database.connection]: 🔍 [JANITOR DB] Pool Status -> Size: 25, CheckedOut: 0, Overflow: -19
2026-09-22 22:45:23 [INFO] [database.connection]: 🔍 [JANITOR DB] Pool Status -> Size: 25, CheckedOut: 0, Overflow: -19
2026-09-22 22:46:08 [INFO] [database.connection]: 🔍 [JANITOR DB] Pool Status -> Size: 25, CheckedOut: 0, Overflow: -19
2026-09-22 22:46:53 [INFO] [database.connection]: 🔍 [JANITOR DB] Pool Status -> Size: 25, CheckedOut: 0, Overflow: -19
2026-09-22 22:47:38 [INFO] [database.connection]: 🔍 [JANITOR DB] Pool Status -> Size: 25, CheckedOut: 0, Overflow: -19
2026-09-22 22:48:23 [INFO] [database.connection]: 🔍 [JANITOR DB] Pool Status -> Size: 25, CheckedOut: 0, Overflow: -19
2026-09-22 22:49:08 [INFO] [database.connection]: 🔍 [JANITOR DB] Pool Status -> Size: 25, CheckedOut: 0, Overflow: -19
2026-09-22 22:49:53 [INFO] [database.connection]: 🔍 [JANITOR DB] Pool Status -> Size: 25, CheckedOut: 0, Overflow: -19
2026-09-22 22:50:38 [INFO] [database.connection]: 🔍 [JANITOR DB] Pool Status -> Size: 25, CheckedOut: 0, Overflow: -19
2026-09-22 22:51:23 [INFO] [database.connection]: 🔍 [JANITOR DB] Pool Status -> Size: 25, CheckedOut: 0, Overflow: -19
2026-09-22 22:52:08 [INFO] [database.connection]: 🔍 [JANITOR DB] Pool Status -> Size: 25, CheckedOut: 0, Overflow: -19
2026-09-22 22:52:53 [INFO] [database.connection]: 🔍 [JANITOR DB] Pool Status -> Size: 25, CheckedOut: 0, Overflow: -19
2026-09-22 22:53:38 [INFO] [database.connection]: 🔍 [JANITOR DB] Pool Status -> Size: 25, CheckedOut: 0, Overflow: -19
2026-09-22 22:54:23 [INFO] [database.connection]: 🔍 [JANITOR DB] Pool Status -> Size: 25, CheckedOut: 0, Overflow: -19
2026-09-22 22:55:08 [INFO] [database.connection]: 🔍 [JANITOR DB] Pool Status -> Size: 25, CheckedOut: 0, Overflow: -19
2026-09-22 22:55:53 [INFO] [database.connection]: 🔍 [JANITOR DB] Pool Status -> Size: 25, CheckedOut: 0, Overflow: -19
2026-09-22 22:56:38 [INFO] [database.connection]: 🔍 [JANITOR DB] Pool Status -> Size: 25, CheckedOut: 0, Overflow: -19
2026-09-22 22:57:23 [INFO] [database.connection]: 🔍 [JANITOR DB] Pool Status -> Size: 25, CheckedOut: 0, Overflow: -19
2026-09-22 22:58:08 [INFO] [database.connection]: 🔍 [JANITOR DB] Pool Status -> Size: 25, CheckedOut: 0, Overflow: -19
2026-09-22 22:58:53 [INFO] [database.connection]: 🔍 [JANITOR DB] Pool Status -> Size: 25, CheckedOut: 0, Overflow: -19
2026-09-22 22:59:38 [INFO] [database.connection]: 🔍 [JANITOR DB] Pool Status -> Size: 25, CheckedOut: 0, Overflow: -19
2026-09-22 23:00:23 [INFO] [database.connection]: 🔍 [JANITOR DB] Pool Status -> Size: 25, CheckedOut: 0, Overflow: -19
2026-09-22 23:01:08 [INFO] [database.connection]: 🔍 [JANITOR DB] Pool Status -> Size: 25, CheckedOut: 0, Overflow: -19
2026-09-22 23:01:53 [INFO] [database.connection]: 🔍 [JANITOR DB] Pool Status -> Size: 25, CheckedOut: 0, Overflow: -19
2026-09-22 23:02:38 [INFO] [database.connection]: 🔍 [JANITOR DB] Pool Status -> Size: 25, CheckedOut: 0, Overflow: -19
2026-09-22 23:03:23 [INFO] [database.connection]: 🔍 [JANITOR DB] Pool Status -> Size: 25, CheckedOut: 0, Overflow: -19
2026-09-22 23:04:08 [INFO] [database.connection]: 🔍 [JANITOR DB] Pool Status -> Size: 25, CheckedOut: 0, Overflow: -19
2026-09-22 23:04:53 [INFO] [database.connection]: 🔍 [JANITOR DB] Pool Status -> Size: 25, CheckedOut: 0, Overflow: -19
2026-09-22 23:05:38 [INFO] [database.connection]: 🔍 [JANITOR DB] Pool Status -> Size: 25, CheckedOut: 0, Overflow: -19
2026-09-22 23:06:23 [INFO] [database.connection]: 🔍 [JANITOR DB] Pool Status -> Size: 25, CheckedOut: 0, Overflow: -19
2026-09-22 23:07:08 [INFO] [database.connection]: 🔍 [JANITOR DB] Pool Status -> Size: 25, CheckedOut: 0, Overflow: -19
2026-09-22 23:07:53 [INFO] [database.connection]: 🔍 [JANITOR DB] Pool Status -> Size: 25, CheckedOut: 0, Overflow: -19
2026-09-22 23:08:38 [INFO] [database.connection]: 🔍 [JANITOR DB] Pool Status -> Size: 25, CheckedOut: 0, Overflow: -19
2026-09-22 23:09:23 [INFO] [database.connection]: 🔍 [JANITOR DB] Pool Status -> Size: 25, CheckedOut: 0, Overflow: -19
2026-09-22 23:10:08 [INFO] [database.connection]: 🔍 [JANITOR DB] Pool Status -> Size: 25, CheckedOut: 0, Overflow: -19
2026-09-22 23:10:53 [INFO] [database.connection]: 🔍 [JANITOR DB] Pool Status -> Size: 25, CheckedOut: 0, Overflow: -19
2026-09-22 23:11:38 [INFO] [database.connection]: 🔍 [JANITOR DB] Pool Status -> Size: 25, CheckedOut: 0, Overflow: -19
2026-09-22 23:12:23 [INFO] [database.connection]: 🔍 [JANITOR DB] Pool Status -> Size: 25, CheckedOut: 0, Overflow: -19
2026-09-22 23:13:08 [INFO] [database.connection]: 🔍 [JANITOR DB] Pool Status -> Size: 25, CheckedOut: 0, Overflow: -19
2026-09-22 23:13:53 [INFO] [database.connection]: 🔍 [JANITOR DB] Pool Status -> Size: 25, CheckedOut: 0, Overflow: -19
2026-09-22 23:14:38 [INFO] [database.connection]: 🔍 [JANITOR DB] Pool Status -> Size: 25, CheckedOut: 0, Overflow: -19
2026-09-22 23:15:23 [INFO] [database.connection]: 🔍 [JANITOR DB] Pool Status -> Size: 25, CheckedOut: 0, Overflow: -19
2026-09-22 23:16:08 [INFO] [database.connection]: 🔍 [JANITOR DB] Pool Status -> Size: 25, CheckedOut: 0, Overflow: -19
2026-09-22 23:16:53 [INFO] [database.connection]: 🔍 [JANITOR DB] Pool Status -> Size: 25, CheckedOut: 0, Overflow: -19
2026-09-22 23:17:38 [INFO] [database.connection]: 🔍 [JANITOR DB] Pool Status -> Size: 25, CheckedOut: 0, Overflow: -19
2026-09-22 23:18:23 [INFO] [database.connection]: 🔍 [JANITOR DB] Pool Status -> Size: 25, CheckedOut: 0, Overflow: -19
2026-09-22 23:19:08 [INFO] [database.connection]: 🔍 [JANITOR DB] Pool Status -> Size: 25, CheckedOut: 0, Overflow: -19
2026-09-22 23:19:53 [INFO] [database.connection]: 🔍 [JANITOR DB] Pool Status -> Size: 25, CheckedOut: 0, Overflow: -19
2026-09-22 23:20:38 [INFO] [database.connection]: 🔍 [JANITOR DB] Pool Status -> Size: 25, CheckedOut: 0, Overflow: -19
2026-09-22 23:21:23 [INFO] [database.connection]: 🔍 [JANITOR DB] Pool Status -> Size: 25, CheckedOut: 0, Overflow: -19
2026-09-22 23:22:08 [INFO] [database.connection]: 🔍 [JANITOR DB] Pool Status -> Size: 25, CheckedOut: 0, Overflow: -19
2026-09-22 23:22:53 [INFO] [database.connection]: 🔍 [JANITOR DB] Pool Status -> Size: 25, CheckedOut: 0, Overflow: -19
2026-09-22 23:23:38 [INFO] [database.connection]: 🔍 [JANITOR DB] Pool Status -> Size: 25, CheckedOut: 0, Overflow: -19
2026-09-22 23:24:23 [INFO] [database.connection]: 🔍 [JANITOR DB] Pool Status -> Size: 25, CheckedOut: 0, Overflow: -19
2026-09-22 23:25:08 [INFO] [database.connection]: 🔍 [JANITOR DB] Pool Status -> Size: 25, CheckedOut: 0, Overflow: -19
2026-09-22 23:25:53 [INFO] [database.connection]: 🔍 [JANITOR DB] Pool Status -> Size: 25, CheckedOut: 0, Overflow: -19
2026-09-22 23:26:38 [INFO] [database.connection]: 🔍 [JANITOR DB] Pool Status -> Size: 25, CheckedOut: 0, Overflow: -19
2026-09-22 23:27:23 [INFO] [database.connection]: 🔍 [JANITOR DB] Pool Status -> Size: 25, CheckedOut: 0, Overflow: -19
2026-09-22 23:28:08 [INFO] [database.connection]: 🔍 [JANITOR DB] Pool Status -> Size: 25, CheckedOut: 0, Overflow: -19
2026-09-22 23:28:53 [INFO] [database.connection]: 🔍 [JANITOR DB] Pool Status -> Size: 25, CheckedOut: 0, Overflow: -19
2026-09-22 23:29:38 [INFO] [database.connection]: 🔍 [JANITOR DB] Pool Status -> Size: 25, CheckedOut: 0, Overflow: -19
2026-09-22 23:30:23 [INFO] [database.connection]: 🔍 [JANITOR DB] Pool Status -> Size: 25, CheckedOut: 0, Overflow: -19
2026-09-22 23:31:08 [INFO] [database.connection]: 🔍 [JANITOR DB] Pool Status -> Size: 25, CheckedOut: 0, Overflow: -19
2026-09-22 23:31:53 [INFO] [database.connection]: 🔍 [JANITOR DB] Pool Status -> Size: 25, CheckedOut: 0, Overflow: -19
2026-09-22 23:32:38 [INFO] [database.connection]: 🔍 [JANITOR DB] Pool Status -> Size: 25, CheckedOut: 0, Overflow: -19
2026-09-22 23:33:23 [INFO] [database.connection]: 🔍 [JANITOR DB] Pool Status -> Size: 25, CheckedOut: 0, Overflow: -19
2026-09-22 23:34:08 [INFO] [database.connection]: 🔍 [JANITOR DB] Pool Status -> Size: 25, CheckedOut: 0, Overflow: -19
2026-09-22 23:34:53 [INFO] [database.connection]: 🔍 [JANITOR DB] Pool Status -> Size: 25, CheckedOut: 0, Overflow: -19
2026-09-22 23:35:38 [INFO] [database.connection]: 🔍 [JANITOR DB] Pool Status -> Size: 25, CheckedOut: 0, Overflow: -19
2026-09-22 23:36:23 [INFO] [database.connection]: 🔍 [JANITOR DB] Pool Status -> Size: 25, CheckedOut: 0, Overflow: -19
2026-09-22 23:37:08 [INFO] [database.connection]: 🔍 [JANITOR DB] Pool Status -> Size: 25, CheckedOut: 0, Overflow: -19
2026-09-22 23:37:53 [INFO] [database.connection]: 🔍 [JANITOR DB] Pool Status -> Size: 25, CheckedOut: 0, Overflow: -19
2026-09-22 23:38:38 [INFO] [database.connection]: 🔍 [JANITOR DB] Pool Status -> Size: 25, CheckedOut: 0, Overflow: -19
2026-09-22 23:39:23 [INFO] [database.connection]: 🔍 [JANITOR DB] Pool Status -> Size: 25, CheckedOut: 0, Overflow: -19
2026-09-22 23:40:08 [INFO] [database.connection]: 🔍 [JANITOR DB] Pool Status -> Size: 25, CheckedOut: 0, Overflow: -19
2026-09-22 23:40:53 [INFO] [database.connection]: 🔍 [JANITOR DB] Pool Status -> Size: 25, CheckedOut: 0, Overflow: -19
2026-09-22 23:41:38 [INFO] [database.connection]: 🔍 [JANITOR DB] Pool Status -> Size: 25, CheckedOut: 0, Overflow: -19
2026-09-22 23:42:23 [INFO] [database.connection]: 🔍 [JANITOR DB] Pool Status -> Size: 25, CheckedOut: 0, Overflow: -19
2026-09-22 23:43:08 [INFO] [database.connection]: 🔍 [JANITOR DB] Pool Status -> Size: 25, CheckedOut: 0, Overflow: -19
2026-09-22 23:43:53 [INFO] [database.connection]: 🔍 [JANITOR DB] Pool Status -> Size: 25, CheckedOut: 0, Overflow: -19
2026-09-22 23:44:38 [INFO] [database.connection]: 🔍 [JANITOR DB] Pool Status -> Size: 25, CheckedOut: 0, Overflow: -19
2026-09-22 23:45:23 [INFO] [database.connection]: 🔍 [JANITOR DB] Pool Status -> Size: 25, CheckedOut: 0, Overflow: -19
2026-09-22 23:46:08 [INFO] [database.connection]: 🔍 [JANITOR DB] Pool Status -> Size: 25, CheckedOut: 0, Overflow: -19
2026-09-22 23:46:53 [INFO] [database.connection]: 🔍 [JANITOR DB] Pool Status -> Size: 25, CheckedOut: 0, Overflow: -19
2026-09-22 23:47:38 [INFO] [database.connection]: 🔍 [JANITOR DB] Pool Status -> Size: 25, CheckedOut: 0, Overflow: -19
2026-09-22 23:48:23 [INFO] [database.connection]: 🔍 [JANITOR DB] Pool Status -> Size: 25, CheckedOut: 0, Overflow: -19
2026-09-22 23:49:08 [INFO] [database.connection]: 🔍 [JANITOR DB] Pool Status -> Size: 25, CheckedOut: 0, Overflow: -19
2026-09-22 23:49:53 [INFO] [database.connection]: 🔍 [JANITOR DB] Pool Status -> Size: 25, CheckedOut: 0, Overflow: -19
2026-09-22 23:50:38 [INFO] [database.connection]: 🔍 [JANITOR DB] Pool Status -> Size: 25, CheckedOut: 0, Overflow: -19
2026-09-22 23:51:23 [INFO] [database.connection]: 🔍 [JANITOR DB] Pool Status -> Size: 25, CheckedOut: 0, Overflow: -19
2026-09-22 23:52:08 [INFO] [database.connection]: 🔍 [JANITOR DB] Pool Status -> Size: 25, CheckedOut: 0, Overflow: -19
2026-09-22 23:52:53 [INFO] [database.connection]: 🔍 [JANITOR DB] Pool Status -> Size: 25, CheckedOut: 0, Overflow: -19
2026-09-22 23:53:28 [INFO] [api.main]: 🛑 API Modular encerrando...
2026-09-23 12:07:11 [INFO] [core.logging_setup]: 📁 Log persistente ativo em /app/logs/backend.log
2026-09-23 12:07:12 [INFO] [database.sync]: ✨ Banco de dados 'ai_agent_db' já existe.
2026-09-23 12:07:12 [INFO] [database.sync]: 🔍 Iniciando auto-sincronização de schema...
2026-09-23 12:07:12 [INFO] [database.sync]: Checking table: agent_tools
2026-09-23 12:07:12 [INFO] [database.sync]: Checking table: agent_knowledge_bases
2026-09-23 12:07:12 [INFO] [database.sync]: Checking table: interaction_logs
2026-09-23 12:07:12 [INFO] [database.sync]: Checking table: session_summaries
2026-09-23 12:07:12 [INFO] [database.sync]: Checking table: knowledge_bases
2026-09-23 12:07:12 [INFO] [database.sync]: Checking table: knowledge_items
2026-09-23 12:07:12 [INFO] [database.sync]: Checking table: agent_config
2026-09-23 12:07:12 [INFO] [database.sync]: Checking table: tools
2026-09-23 12:07:12 [INFO] [database.sync]: Checking table: prompt_drafts
2026-09-23 12:07:12 [INFO] [database.sync]: Checking table: user_memory
2026-09-23 12:07:12 [INFO] [database.sync]: Checking table: feedback_logs
2026-09-23 12:07:12 [INFO] [database.sync]: Checking table: google_tokens
2026-09-23 12:07:12 [INFO] [database.sync]: Checking table: global_context_variables
2026-09-23 12:07:12 [INFO] [database.sync]: Checking table: users
2026-09-23 12:07:12 [INFO] [database.sync]: Checking table: user_invites
2026-09-23 12:07:12 [INFO] [database.sync]: Checking table: unanswered_questions
2026-09-23 12:07:12 [INFO] [database.sync]: Checking table: support_requests
2026-09-23 12:07:12 [INFO] [database.sync]: Checking table: webhook_configs
2026-09-23 12:07:12 [INFO] [database.sync]: Checking table: webhook_events
2026-09-23 12:07:12 [INFO] [database.sync]: Checking table: transcription_folders
2026-09-23 12:07:12 [INFO] [database.sync]: Checking table: transcription_tasks
2026-09-23 12:07:12 [INFO] [database.sync]: Checking table: scheduled_triggers
2026-09-23 12:07:12 [INFO] [database.sync]: Checking table: message_status
2026-09-23 12:07:12 [INFO] [database.sync]: Checking table: user_question_embeddings
2026-09-23 12:07:12 [INFO] [database.sync]: Checking table: objection_clusters
2026-09-23 12:07:12 [INFO] [database.sync]: Checking table: objection_cluster_messages
2026-09-23 12:07:12 [INFO] [database.sync]: Checking table: backup_configs
2026-09-23 12:07:12 [INFO] [database.sync]: Checking table: backup_history
2026-09-23 12:07:12 [INFO] [database.sync]: Checking table: sales
2026-09-23 12:07:12 [INFO] [database.sync]: Checking table: calendar_events
2026-09-23 12:07:12 [INFO] [database.sync]: Checking table: testimonial_categories
2026-09-23 12:07:12 [INFO] [database.sync]: Checking table: testimonials
2026-09-23 12:07:12 [INFO] [database.sync]: Checking table: sent_testimonials
2026-09-23 12:07:12 [INFO] [database.sync]: Checking table: leads
2026-09-23 12:07:12 [INFO] [database.sync]: Checking table: semantic_caches
2026-09-23 12:07:12 [INFO] [database.sync]: Checking table: question_funnels
2026-09-23 12:07:12 [INFO] [database.sync]: ✅ Sincronização de schema concluída.
2026-09-23 12:07:12 [INFO] [database]: ✅ Inicialização do banco de dados concluída com sucesso!
2026-09-23 12:07:14 [INFO] [core.logging_setup]: 📁 Log persistente ativo em /app/logs/backend.log
2026-09-23 12:07:14 [INFO] [core.logging_setup]: 📁 Log persistente ativo em /app/logs/backend.log
2026-09-23 12:07:14 [INFO] [core.logging_setup]: 📁 Log persistente ativo em /app/logs/backend.log
2026-09-23 12:07:16 [INFO] [core.logging_setup]: 📁 Log persistente ativo em /app/logs/backend.log
2026-09-23 12:07:26 [WARNING] [api.main]: ⚠️ session_analysis não encontrado.
2026-09-23 12:07:28 [INFO] [api.main]: 🚀 API Modular iniciando...
2026-09-23 12:07:29 [INFO] [database.sync]: ✨ Banco de dados 'ai_agent_db' já existe.
2026-09-23 12:07:29 [INFO] [database.sync]: 🔍 Iniciando auto-sincronização de schema...
2026-09-23 12:07:29 [INFO] [database.sync]: Checking table: agent_tools
2026-09-23 12:07:29 [INFO] [database.sync]: Checking table: agent_knowledge_bases
2026-09-23 12:07:29 [INFO] [database.sync]: Checking table: interaction_logs
2026-09-23 12:07:29 [INFO] [database.sync]: Checking table: session_summaries
2026-09-23 12:07:29 [INFO] [database.sync]: Checking table: knowledge_bases
2026-09-23 12:07:29 [INFO] [database.sync]: Checking table: knowledge_items
2026-09-23 12:07:29 [INFO] [database.sync]: Checking table: agent_config
2026-09-23 12:07:29 [INFO] [database.sync]: Checking table: tools
2026-09-23 12:07:29 [INFO] [database.sync]: Checking table: prompt_drafts
2026-09-23 12:07:29 [INFO] [database.sync]: Checking table: user_memory
2026-09-23 12:07:29 [INFO] [database.sync]: Checking table: feedback_logs
2026-09-23 12:07:29 [INFO] [database.sync]: Checking table: google_tokens
2026-09-23 12:07:29 [INFO] [database.sync]: Checking table: global_context_variables
2026-09-23 12:07:29 [INFO] [database.sync]: Checking table: users
2026-09-23 12:07:29 [INFO] [database.sync]: Checking table: user_invites
2026-09-23 12:07:29 [INFO] [database.sync]: Checking table: unanswered_questions
2026-09-23 12:07:29 [INFO] [database.sync]: Checking table: support_requests
2026-09-23 12:07:29 [INFO] [database.sync]: Checking table: webhook_configs
2026-09-23 12:07:29 [INFO] [database.sync]: Checking table: webhook_events
2026-09-23 12:07:29 [INFO] [database.sync]: Checking table: transcription_folders
2026-09-23 12:07:29 [INFO] [database.sync]: Checking table: transcription_tasks
2026-09-23 12:07:29 [INFO] [database.sync]: Checking table: scheduled_triggers
2026-09-23 12:07:29 [INFO] [database.sync]: Checking table: message_status
2026-09-23 12:07:29 [INFO] [database.sync]: Checking table: user_question_embeddings
2026-09-23 12:07:29 [INFO] [database.sync]: Checking table: objection_clusters
2026-09-23 12:07:29 [INFO] [database.sync]: Checking table: objection_cluster_messages
2026-09-23 12:07:29 [INFO] [database.sync]: Checking table: backup_configs
2026-09-23 12:07:29 [INFO] [database.sync]: Checking table: backup_history
2026-09-23 12:07:29 [INFO] [database.sync]: Checking table: sales
2026-09-23 12:07:29 [INFO] [database.sync]: Checking table: calendar_events
2026-09-23 12:07:29 [INFO] [database.sync]: Checking table: testimonial_categories
2026-09-23 12:07:29 [INFO] [database.sync]: Checking table: testimonials
2026-09-23 12:07:29 [INFO] [database.sync]: Checking table: sent_testimonials
2026-09-23 12:07:29 [INFO] [database.sync]: Checking table: leads
2026-09-23 12:07:29 [INFO] [database.sync]: Checking table: semantic_caches
2026-09-23 12:07:29 [INFO] [database.sync]: Checking table: question_funnels
2026-09-23 12:07:29 [INFO] [database.sync]: ✅ Sincronização de schema concluída.
2026-09-23 12:07:29 [INFO] [database]: ✅ Inicialização do banco de dados concluída com sucesso!
2026-09-23 12:07:29 [INFO] [api.main]: ✅ Banco de dados inicializado.
2026-09-23 12:07:29 [INFO] [core.websocket]: 📡 Redis conectado (Listener: True)
2026-09-23 12:07:29 [INFO] [core.websocket]: 👂 Listener Redis Pub/Sub iniciado.
2026-09-23 12:07:29 [INFO] [api.main]: 🧹 [JANITOR DB] Worker de monitoramento do pool ativado (intervalo: 45s).
2026-09-23 12:08:14 [INFO] [database.connection]: 🔍 [JANITOR DB] Pool Status -> Size: 25, CheckedOut: 0, Overflow: -24
2026-09-23 12:08:59 [INFO] [database.connection]: 🔍 [JANITOR DB] Pool Status -> Size: 25, CheckedOut: 0, Overflow: -24
2026-09-23 12:09:44 [INFO] [database.connection]: 🔍 [JANITOR DB] Pool Status -> Size: 25, CheckedOut: 0, Overflow: -24
2026-09-23 12:09:46 [INFO] [webhooks.receiver]: 📩 Webhook: Integração WhatsApp & ZapVoice | De: 5585998259497 | Msg: Ooi Aryaraj, tudo certo? faz u... | Account: 11 | Inbox: 11 | Conv: 28018 | Contact: 5585998259497
2026-09-23 12:09:46 [INFO] [webhooks.receiver]: ✅ Mensagem de saída (Template) gravada em webhook_events: ID 73193 para 5585998259497
2026-09-23 12:10:29 [INFO] [database.connection]: 🔍 [JANITOR DB] Pool Status -> Size: 25, CheckedOut: 0, Overflow: -23
2026-09-23 12:11:14 [INFO] [database.connection]: 🔍 [JANITOR DB] Pool Status -> Size: 25, CheckedOut: 0, Overflow: -23
2026-09-23 12:11:59 [INFO] [database.connection]: 🔍 [JANITOR DB] Pool Status -> Size: 25, CheckedOut: 0, Overflow: -23
2026-09-23 12:12:44 [INFO] [database.connection]: 🔍 [JANITOR DB] Pool Status -> Size: 25, CheckedOut: 0, Overflow: -21
2026-09-23 12:13:29 [INFO] [database.connection]: 🔍 [JANITOR DB] Pool Status -> Size: 25, CheckedOut: 0, Overflow: -21
2026-09-23 12:14:14 [INFO] [database.connection]: 🔍 [JANITOR DB] Pool Status -> Size: 25, CheckedOut: 0, Overflow: -21
2026-09-23 12:14:59 [INFO] [database.connection]: 🔍 [JANITOR DB] Pool Status -> Size: 25, CheckedOut: 0, Overflow: -21
2026-09-23 12:15:44 [INFO] [database.connection]: 🔍 [JANITOR DB] Pool Status -> Size: 25, CheckedOut: 0, Overflow: -21
2026-09-23 12:16:29 [INFO] [database.connection]: 🔍 [JANITOR DB] Pool Status -> Size: 25, CheckedOut: 0, Overflow: -21
2026-09-23 12:17:14 [INFO] [database.connection]: 🔍 [JANITOR DB] Pool Status -> Size: 25, CheckedOut: 0, Overflow: -21
2026-09-23 12:17:16 [INFO] [api.routers.tools]: [LABELS] Config ZapVoice recuperada via fallback do WebhookConfig: url=https://api.aryaraj.shop, client_id=11
2026-09-23 12:17:16 [INFO] [api.routers.tools]: [LABELS] Chamando ZapVoice: https://api.aryaraj.shop/api/chat/labels com client_id=11
2026-09-23 12:17:16 [INFO] [api.routers.tools]: [LABELS] Config ZapVoice recuperada via fallback do WebhookConfig: url=https://api.aryaraj.shop, client_id=11
2026-09-23 12:17:16 [INFO] [api.routers.tools]: [LABELS] Chamando ZapVoice: https://api.aryaraj.shop/api/chat/labels com client_id=11
2026-09-23 12:17:16 [INFO] [api.routers.tools]: [LABELS] ZapVoice respondeu 200: ["compra_aprovada_bussula","pepepopop","porrrrrrrrr","robo","teste_do_amor","tete-toto","tettotoklkkkllklklkl","whatsapp"]
2026-09-23 12:17:16 [INFO] [api.routers.tools]: [LABELS] ZapVoice respondeu 200: ["compra_aprovada_bussula","pepepopop","porrrrrrrrr","robo","teste_do_amor","tete-toto","tettotoklkkkllklklkl","whatsapp"]
2026-09-23 12:17:17 [INFO] [api.routers.tools]: [LABELS] Chamando ZapVoice: https://api.aryaraj.shop/api/chat/labels com client_id=11
2026-09-23 12:17:17 [INFO] [api.routers.tools]: [LABELS] Chamando ZapVoice: https://api.aryaraj.shop/api/chat/labels com client_id=11
2026-09-23 12:17:17 [INFO] [api.routers.tools]: [LABELS] ZapVoice respondeu 200: ["compra_aprovada_bussula","pepepopop","porrrrrrrrr","robo","teste_do_amor","tete-toto","tettotoklkkkllklklkl","whatsapp"]
2026-09-23 12:17:17 [INFO] [api.routers.tools]: [LABELS] ZapVoice respondeu 200: ["compra_aprovada_bussula","pepepopop","porrrrrrrrr","robo","teste_do_amor","tete-toto","tettotoklkkkllklklkl","whatsapp"]
2026-09-23 12:17:21 [INFO] [zapvoice_utils]: ✅ 8 templates WhatsApp recuperados do ZapVoice.
2026-09-23 12:17:59 [INFO] [database.connection]: 🔍 [JANITOR DB] Pool Status -> Size: 25, CheckedOut: 0, Overflow: -19
2026-09-23 12:18:44 [INFO] [database.connection]: 🔍 [JANITOR DB] Pool Status -> Size: 25, CheckedOut: 0, Overflow: -19
2026-09-23 12:19:29 [INFO] [database.connection]: 🔍 [JANITOR DB] Pool Status -> Size: 25, CheckedOut: 0, Overflow: -19
2026-09-23 12:20:14 [INFO] [database.connection]: 🔍 [JANITOR DB] Pool Status -> Size: 25, CheckedOut: 0, Overflow: -19
2026-09-23 12:20:59 [INFO] [database.connection]: 🔍 [JANITOR DB] Pool Status -> Size: 25, CheckedOut: 0, Overflow: -19
2026-09-23 12:21:44 [INFO] [database.connection]: 🔍 [JANITOR DB] Pool Status -> Size: 25, CheckedOut: 0, Overflow: -19
2026-09-23 12:22:29 [INFO] [database.connection]: 🔍 [JANITOR DB] Pool Status -> Size: 25, CheckedOut: 0, Overflow: -19
2026-09-23 12:23:14 [INFO] [database.connection]: 🔍 [JANITOR DB] Pool Status -> Size: 25, CheckedOut: 0, Overflow: -19
2026-09-23 12:23:59 [INFO] [database.connection]: 🔍 [JANITOR DB] Pool Status -> Size: 25, CheckedOut: 0, Overflow: -19
2026-09-23 12:24:44 [INFO] [database.connection]: 🔍 [JANITOR DB] Pool Status -> Size: 25, CheckedOut: 0, Overflow: -19
2026-09-23 12:25:29 [INFO] [database.connection]: 🔍 [JANITOR DB] Pool Status -> Size: 25, CheckedOut: 0, Overflow: -19
2026-09-23 12:26:14 [INFO] [database.connection]: 🔍 [JANITOR DB] Pool Status -> Size: 25, CheckedOut: 0, Overflow: -19
2026-09-23 12:26:59 [INFO] [database.connection]: 🔍 [JANITOR DB] Pool Status -> Size: 25, CheckedOut: 0, Overflow: -19
2026-09-23 12:27:44 [INFO] [database.connection]: 🔍 [JANITOR DB] Pool Status -> Size: 25, CheckedOut: 0, Overflow: -19
2026-09-23 12:28:29 [INFO] [database.connection]: 🔍 [JANITOR DB] Pool Status -> Size: 25, CheckedOut: 0, Overflow: -19
2026-09-23 12:29:10 [INFO] [webhooks.receiver]: 📩 Webhook: Integração WhatsApp & ZapVoice | De: 5585998259497 | Msg: oieee... | Account: 11 | Inbox: 11 | Conv: 28018 | Contact: 5585998259497
2026-09-23 12:29:10 [INFO] [webhooks.receiver]: ✅ Mensagem de saída (Atendente) gravada em webhook_events: ID 73194 para 5585998259497
2026-09-23 12:29:14 [INFO] [database.connection]: 🔍 [JANITOR DB] Pool Status -> Size: 25, CheckedOut: 0, Overflow: -19
2026-09-23 12:29:59 [INFO] [database.connection]: 🔍 [JANITOR DB] Pool Status -> Size: 25, CheckedOut: 0, Overflow: -19
2026-09-23 12:30:44 [INFO] [database.connection]: 🔍 [JANITOR DB] Pool Status -> Size: 25, CheckedOut: 0, Overflow: -19
2026-09-23 12:31:10 [INFO] [webhooks.receiver]: 📩 Webhook: Integração WhatsApp & ZapVoice | De: 5585998259497 | Msg: teste de envio... | Account: 11 | Inbox: 11 | Conv: 28018 | Contact: 5585998259497
2026-09-23 12:31:10 [INFO] [webhooks.receiver]: ✅ Mensagem de saída (Atendente) gravada em webhook_events: ID 73195 para 5585998259497
2026-09-23 12:31:29 [INFO] [database.connection]: 🔍 [JANITOR DB] Pool Status -> Size: 25, CheckedOut: 0, Overflow: -19
2026-09-23 12:32:14 [INFO] [database.connection]: 🔍 [JANITOR DB] Pool Status -> Size: 25, CheckedOut: 0, Overflow: -19
2026-09-23 12:32:59 [INFO] [database.connection]: 🔍 [JANITOR DB] Pool Status -> Size: 25, CheckedOut: 0, Overflow: -19
2026-09-23 12:33:44 [INFO] [database.connection]: 🔍 [JANITOR DB] Pool Status -> Size: 25, CheckedOut: 0, Overflow: -19
2026-09-23 12:34:29 [INFO] [database.connection]: 🔍 [JANITOR DB] Pool Status -> Size: 25, CheckedOut: 0, Overflow: -19
2026-09-23 12:35:14 [INFO] [database.connection]: 🔍 [JANITOR DB] Pool Status -> Size: 25, CheckedOut: 0, Overflow: -19
2026-09-23 12:35:59 [INFO] [database.connection]: 🔍 [JANITOR DB] Pool Status -> Size: 25, CheckedOut: 0, Overflow: -19
2026-09-23 12:36:44 [INFO] [database.connection]: 🔍 [JANITOR DB] Pool Status -> Size: 25, CheckedOut: 0, Overflow: -19
2026-09-23 12:37:29 [INFO] [database.connection]: 🔍 [JANITOR DB] Pool Status -> Size: 25, CheckedOut: 0, Overflow: -19
2026-09-23 12:38:14 [INFO] [database.connection]: 🔍 [JANITOR DB] Pool Status -> Size: 25, CheckedOut: 0, Overflow: -19
2026-09-23 12:38:59 [INFO] [database.connection]: 🔍 [JANITOR DB] Pool Status -> Size: 25, CheckedOut: 0, Overflow: -19
2026-09-23 12:39:44 [INFO] [database.connection]: 🔍 [JANITOR DB] Pool Status -> Size: 25, CheckedOut: 0, Overflow: -19
2026-09-23 12:40:29 [INFO] [database.connection]: 🔍 [JANITOR DB] Pool Status -> Size: 25, CheckedOut: 0, Overflow: -19
2026-09-23 12:41:14 [INFO] [database.connection]: 🔍 [JANITOR DB] Pool Status -> Size: 25, CheckedOut: 0, Overflow: -19
2026-09-23 12:41:59 [INFO] [database.connection]: 🔍 [JANITOR DB] Pool Status -> Size: 25, CheckedOut: 0, Overflow: -19
2026-09-23 12:42:44 [INFO] [database.connection]: 🔍 [JANITOR DB] Pool Status -> Size: 25, CheckedOut: 0, Overflow: -19
2026-09-23 12:43:29 [INFO] [database.connection]: 🔍 [JANITOR DB] Pool Status -> Size: 25, CheckedOut: 0, Overflow: -19
2026-09-23 12:44:14 [INFO] [database.connection]: 🔍 [JANITOR DB] Pool Status -> Size: 25, CheckedOut: 0, Overflow: -19
2026-09-23 12:44:59 [INFO] [database.connection]: 🔍 [JANITOR DB] Pool Status -> Size: 25, CheckedOut: 0, Overflow: -19
2026-09-23 12:45:44 [INFO] [database.connection]: 🔍 [JANITOR DB] Pool Status -> Size: 25, CheckedOut: 0, Overflow: -19
2026-09-23 12:46:29 [INFO] [database.connection]: 🔍 [JANITOR DB] Pool Status -> Size: 25, CheckedOut: 0, Overflow: -19
2026-09-23 12:47:14 [INFO] [database.connection]: 🔍 [JANITOR DB] Pool Status -> Size: 25, CheckedOut: 0, Overflow: -19
2026-09-23 12:47:59 [INFO] [database.connection]: 🔍 [JANITOR DB] Pool Status -> Size: 25, CheckedOut: 0, Overflow: -19
2026-09-23 12:48:44 [INFO] [database.connection]: 🔍 [JANITOR DB] Pool Status -> Size: 25, CheckedOut: 0, Overflow: -19
2026-09-23 12:48:47 [INFO] [webhooks.configs]: 💾 Webhook 'Integração WhatsApp & ZapVoice' atualizado (ID: 113, Agent: 203)
2026-09-23 12:48:47 [INFO] [api.routers.tools]: [LABELS] Config ZapVoice recuperada via fallback do WebhookConfig: url=https://api.aryaraj.shop, client_id=11
2026-09-23 12:48:47 [INFO] [api.routers.tools]: [LABELS] Chamando ZapVoice: https://api.aryaraj.shop/api/chat/labels com client_id=11
2026-09-23 12:48:47 [INFO] [api.routers.tools]: [LABELS] ZapVoice respondeu 200: ["compra_aprovada_bussula","pepepopop","porrrrrrrrr","robo","teste_do_amor","tete-toto","tettotoklkkkllklklkl","whatsapp"]
2026-09-23 12:48:48 [INFO] [core.websocket]: Nova conexão WebSocket estabelecida. Total local: 1
2026-09-23 12:48:48 [INFO] [webhooks.leads_modules.listing]: 📊 Buscando leads para webhook 113 na tabela leads (Page: 1, Size: 20, Search: None)
2026-09-23 12:48:48 [INFO] [webhooks.leads_modules.listing]: ✅ Encontrados 20 leads de um total de 1502.
2026-09-23 12:48:48 [INFO] [webhooks.leads_modules.listing]: 📊 Buscando leads para webhook 113 na tabela leads (Page: 1, Size: 20, Search: None)
2026-09-23 12:48:48 [INFO] [webhooks.leads_modules.listing]: ✅ Encontrados 20 leads de um total de 1502.
2026-09-23 12:48:48 [INFO] [webhooks.leads_modules.listing]: 📊 Buscando leads para webhook 113 na tabela leads (Page: 1, Size: 20, Search: None)
2026-09-23 12:48:48 [INFO] [webhooks.leads_modules.listing]: ✅ Encontrados 20 leads de um total de 1502.
2026-09-23 12:49:29 [INFO] [database.connection]: 🔍 [JANITOR DB] Pool Status -> Size: 25, CheckedOut: 0, Overflow: -19
2026-09-23 12:50:14 [INFO] [database.connection]: 🔍 [JANITOR DB] Pool Status -> Size: 25, CheckedOut: 0, Overflow: -19
2026-09-23 12:50:59 [INFO] [database.connection]: 🔍 [JANITOR DB] Pool Status -> Size: 25, CheckedOut: 0, Overflow: -19
2026-09-23 12:51:44 [INFO] [database.connection]: 🔍 [JANITOR DB] Pool Status -> Size: 25, CheckedOut: 0, Overflow: -19
2026-09-23 12:52:29 [INFO] [database.connection]: 🔍 [JANITOR DB] Pool Status -> Size: 25, CheckedOut: 0, Overflow: -19
2026-09-23 12:53:14 [INFO] [database.connection]: 🔍 [JANITOR DB] Pool Status -> Size: 25, CheckedOut: 0, Overflow: -19
2026-09-23 12:53:59 [INFO] [database.connection]: 🔍 [JANITOR DB] Pool Status -> Size: 25, CheckedOut: 0, Overflow: -19
2026-09-23 12:54:32 [INFO] [core.websocket]: Conexão WebSocket encerrada. Total local: 0
2026-09-23 12:54:32 [INFO] [core.websocket]: Nova conexão WebSocket estabelecida. Total local: 1
2026-09-23 12:54:32 [INFO] [api.routers.tools]: [LABELS] Config ZapVoice recuperada via fallback do WebhookConfig: url=https://api.aryaraj.shop, client_id=11
2026-09-23 12:54:32 [INFO] [api.routers.tools]: [LABELS] Chamando ZapVoice: https://api.aryaraj.shop/api/chat/labels com client_id=11
2026-09-23 12:54:32 [INFO] [webhooks.leads_modules.listing]: 📊 Buscando leads para webhook 113 na tabela leads (Page: 1, Size: 20, Search: None)
2026-09-23 12:54:32 [INFO] [webhooks.leads_modules.listing]: ✅ Encontrados 20 leads de um total de 1502.
2026-09-23 12:54:32 [INFO] [api.routers.tools]: [LABELS] ZapVoice respondeu 200: ["compra_aprovada_bussula","pepepopop","porrrrrrrrr","robo","teste_do_amor","tete-toto","tettotoklkkkllklklkl","whatsapp"]
2026-09-23 12:54:44 [INFO] [database.connection]: 🔍 [JANITOR DB] Pool Status -> Size: 25, CheckedOut: 0, Overflow: -19
2026-09-23 12:55:29 [INFO] [database.connection]: 🔍 [JANITOR DB] Pool Status -> Size: 25, CheckedOut: 0, Overflow: -19
2026-09-23 12:55:40 [INFO] [core.websocket]: Conexão WebSocket encerrada. Total local: 0
2026-09-23 12:55:40 [INFO] [core.websocket]: Nova conexão WebSocket estabelecida. Total local: 1
2026-09-23 12:55:40 [INFO] [api.routers.tools]: [LABELS] Config ZapVoice recuperada via fallback do WebhookConfig: url=https://api.aryaraj.shop, client_id=11
2026-09-23 12:55:40 [INFO] [api.routers.tools]: [LABELS] Chamando ZapVoice: https://api.aryaraj.shop/api/chat/labels com client_id=11
2026-09-23 12:55:40 [INFO] [webhooks.leads_modules.listing]: 📊 Buscando leads para webhook 113 na tabela leads (Page: 1, Size: 20, Search: None)
2026-09-23 12:55:40 [INFO] [webhooks.leads_modules.listing]: ✅ Encontrados 20 leads de um total de 1502.
2026-09-23 12:55:40 [INFO] [api.routers.tools]: [LABELS] ZapVoice respondeu 200: ["compra_aprovada_bussula","pepepopop","porrrrrrrrr","robo","teste_do_amor","tete-toto","tettotoklkkkllklklkl","whatsapp"]
2026-09-23 12:56:14 [INFO] [database.connection]: 🔍 [JANITOR DB] Pool Status -> Size: 25, CheckedOut: 0, Overflow: -19
2026-09-23 12:56:48 [INFO] [core.logging_setup]: 📁 Log persistente ativo em /app/logs/backend.log
2026-09-23 12:56:58 [WARNING] [api.main]: ⚠️ session_analysis não encontrado.
2026-09-23 12:56:59 [INFO] [database.connection]: 🔍 [JANITOR DB] Pool Status -> Size: 25, CheckedOut: 0, Overflow: -19
2026-09-23 12:57:17 [INFO] [core.logging_setup]: 📁 Log persistente ativo em /app/logs/backend.log
2026-09-23 12:57:24 [WARNING] [api.main]: ⚠️ session_analysis não encontrado.
2026-09-23 12:57:37 [INFO] [api.routers.leads_modules.assignment_routes]: 🔁 Fluxo de follow-up 'mentoria_high_ticket' atribuído com sucesso a 1 contatos.
2026-09-23 12:57:44 [INFO] [database.connection]: 🔍 [JANITOR DB] Pool Status -> Size: 25, CheckedOut: 0, Overflow: -19
2026-09-23 12:57:59 [INFO] [core.logging_setup]: 📁 Log persistente ativo em /app/logs/backend.log
2026-09-23 12:58:07 [WARNING] [api.main]: ⚠️ session_analysis não encontrado.
2026-09-23 12:58:13 [INFO] [webhooks.configs]: 💾 Webhook 'Teste Sync' atualizado (ID: 113, Agent: <MagicMock name='mock.get().agent_id' id='131398460192464'>)
2026-09-23 12:58:29 [INFO] [database.connection]: 🔍 [JANITOR DB] Pool Status -> Size: 25, CheckedOut: 0, Overflow: -19
2026-09-23 12:58:42 [INFO] [core.websocket]: Conexão WebSocket encerrada. Total local: 0
2026-09-23 12:58:42 [INFO] [core.websocket]: Nova conexão WebSocket estabelecida. Total local: 1
2026-09-23 12:58:42 [INFO] [api.routers.tools]: [LABELS] Config ZapVoice recuperada via fallback do WebhookConfig: url=https://api.aryaraj.shop, client_id=11
2026-09-23 12:58:42 [INFO] [api.routers.tools]: [LABELS] Chamando ZapVoice: https://api.aryaraj.shop/api/chat/labels com client_id=11
2026-09-23 12:58:42 [INFO] [webhooks.leads_modules.listing]: 📊 Buscando leads para webhook 113 na tabela leads (Page: 1, Size: 20, Search: None)
2026-09-23 12:58:42 [INFO] [webhooks.leads_modules.listing]: ✅ Encontrados 20 leads de um total de 1502.
2026-09-23 12:58:42 [INFO] [api.routers.tools]: [LABELS] ZapVoice respondeu 200: ["compra_aprovada_bussula","pepepopop","porrrrrrrrr","robo","teste_do_amor","tete-toto","tettotoklkkkllklklkl","whatsapp"]
2026-09-23 12:59:14 [INFO] [database.connection]: 🔍 [JANITOR DB] Pool Status -> Size: 25, CheckedOut: 0, Overflow: -19
2026-09-23 12:59:59 [INFO] [database.connection]: 🔍 [JANITOR DB] Pool Status -> Size: 25, CheckedOut: 0, Overflow: -19
2026-09-23 13:00:44 [INFO] [database.connection]: 🔍 [JANITOR DB] Pool Status -> Size: 25, CheckedOut: 0, Overflow: -19
2026-09-23 13:01:29 [INFO] [database.connection]: 🔍 [JANITOR DB] Pool Status -> Size: 25, CheckedOut: 0, Overflow: -19
2026-09-23 13:02:14 [INFO] [database.connection]: 🔍 [JANITOR DB] Pool Status -> Size: 25, CheckedOut: 0, Overflow: -19
2026-09-23 13:02:59 [INFO] [database.connection]: 🔍 [JANITOR DB] Pool Status -> Size: 25, CheckedOut: 0, Overflow: -19
2026-09-23 13:03:44 [INFO] [database.connection]: 🔍 [JANITOR DB] Pool Status -> Size: 25, CheckedOut: 0, Overflow: -19
2026-09-23 13:03:49 [INFO] [core.websocket]: Conexão WebSocket encerrada. Total local: 0
2026-09-23 13:03:49 [INFO] [api.main]: 🛑 API Modular encerrando...
2026-09-23 13:03:51 [INFO] [core.logging_setup]: 📁 Log persistente ativo em /app/logs/backend.log
2026-09-23 13:03:51 [INFO] [database.sync]: ✨ Banco de dados 'ai_agent_db' já existe.
2026-09-23 13:03:51 [INFO] [database.sync]: 🔍 Iniciando auto-sincronização de schema...
2026-09-23 13:03:51 [INFO] [database.sync]: Checking table: agent_tools
2026-09-23 13:03:51 [INFO] [database.sync]: Checking table: agent_knowledge_bases
2026-09-23 13:03:51 [INFO] [database.sync]: Checking table: interaction_logs
2026-09-23 13:03:51 [INFO] [database.sync]: Checking table: session_summaries
2026-09-23 13:03:51 [INFO] [database.sync]: Checking table: knowledge_bases
2026-09-23 13:03:51 [INFO] [database.sync]: Checking table: knowledge_items
2026-09-23 13:03:51 [INFO] [database.sync]: Checking table: agent_config
2026-09-23 13:03:51 [INFO] [database.sync]: Checking table: tools
2026-09-23 13:03:51 [INFO] [database.sync]: Checking table: prompt_drafts
2026-09-23 13:03:51 [INFO] [database.sync]: Checking table: user_memory
2026-09-23 13:03:51 [INFO] [database.sync]: Checking table: feedback_logs
2026-09-23 13:03:51 [INFO] [database.sync]: Checking table: google_tokens
2026-09-23 13:03:51 [INFO] [database.sync]: Checking table: global_context_variables
2026-09-23 13:03:51 [INFO] [database.sync]: Checking table: users
2026-09-23 13:03:51 [INFO] [database.sync]: Checking table: user_invites
2026-09-23 13:03:51 [INFO] [database.sync]: Checking table: unanswered_questions
2026-09-23 13:03:51 [INFO] [database.sync]: Checking table: support_requests
2026-09-23 13:03:51 [INFO] [database.sync]: Checking table: webhook_configs
2026-09-23 13:03:51 [INFO] [database.sync]: Checking table: webhook_events
2026-09-23 13:03:51 [INFO] [database.sync]: Checking table: transcription_folders
2026-09-23 13:03:51 [INFO] [database.sync]: Checking table: transcription_tasks
2026-09-23 13:03:51 [INFO] [database.sync]: Checking table: scheduled_triggers
2026-09-23 13:03:51 [INFO] [database.sync]: Checking table: message_status
2026-09-23 13:03:51 [INFO] [database.sync]: Checking table: user_question_embeddings
2026-09-23 13:03:51 [INFO] [database.sync]: Checking table: objection_clusters
2026-09-23 13:03:51 [INFO] [database.sync]: Checking table: objection_cluster_messages
2026-09-23 13:03:52 [INFO] [database.sync]: Checking table: backup_configs
2026-09-23 13:03:52 [INFO] [database.sync]: Checking table: backup_history
2026-09-23 13:03:52 [INFO] [database.sync]: Checking table: sales
2026-09-23 13:03:52 [INFO] [database.sync]: Checking table: calendar_events
2026-09-23 13:03:52 [INFO] [database.sync]: Checking table: testimonial_categories
2026-09-23 13:03:52 [INFO] [database.sync]: Checking table: testimonials
2026-09-23 13:03:52 [INFO] [database.sync]: Checking table: sent_testimonials
2026-09-23 13:03:52 [INFO] [database.sync]: Checking table: leads
2026-09-23 13:03:52 [INFO] [database.sync]: Checking table: semantic_caches
2026-09-23 13:03:52 [INFO] [database.sync]: Checking table: question_funnels
2026-09-23 13:03:52 [INFO] [database.sync]: ✅ Sincronização de schema concluída.
2026-09-23 13:03:52 [INFO] [database]: ✅ Inicialização do banco de dados concluída com sucesso!
2026-09-23 13:03:53 [INFO] [core.logging_setup]: 📁 Log persistente ativo em /app/logs/backend.log
2026-09-23 13:03:54 [INFO] [core.logging_setup]: 📁 Log persistente ativo em /app/logs/backend.log
2026-09-23 13:04:02 [WARNING] [api.main]: ⚠️ session_analysis não encontrado.
2026-09-23 13:04:03 [INFO] [api.main]: 🚀 API Modular iniciando...
2026-09-23 13:04:03 [INFO] [database.sync]: ✨ Banco de dados 'ai_agent_db' já existe.
2026-09-23 13:04:03 [INFO] [database.sync]: 🔍 Iniciando auto-sincronização de schema...
2026-09-23 13:04:03 [INFO] [database.sync]: Checking table: agent_tools
2026-09-23 13:04:03 [INFO] [database.sync]: Checking table: agent_knowledge_bases
2026-09-23 13:04:03 [INFO] [database.sync]: Checking table: interaction_logs
2026-09-23 13:04:03 [INFO] [database.sync]: Checking table: session_summaries
2026-09-23 13:04:03 [INFO] [database.sync]: Checking table: knowledge_bases
2026-09-23 13:04:03 [INFO] [database.sync]: Checking table: knowledge_items
2026-09-23 13:04:03 [INFO] [database.sync]: Checking table: agent_config
2026-09-23 13:04:03 [INFO] [database.sync]: Checking table: tools
2026-09-23 13:04:03 [INFO] [database.sync]: Checking table: prompt_drafts
2026-09-23 13:04:03 [INFO] [database.sync]: Checking table: user_memory
2026-09-23 13:04:03 [INFO] [database.sync]: Checking table: feedback_logs
2026-09-23 13:04:03 [INFO] [database.sync]: Checking table: google_tokens
2026-09-23 13:04:04 [INFO] [database.sync]: Checking table: global_context_variables
2026-09-23 13:04:04 [INFO] [database.sync]: Checking table: users
2026-09-23 13:04:04 [INFO] [database.sync]: Checking table: user_invites
2026-09-23 13:04:04 [INFO] [database.sync]: Checking table: unanswered_questions
2026-09-23 13:04:04 [INFO] [database.sync]: Checking table: support_requests
2026-09-23 13:04:04 [INFO] [database.sync]: Checking table: webhook_configs
2026-09-23 13:04:04 [INFO] [database.sync]: Checking table: webhook_events
2026-09-23 13:04:04 [INFO] [database.sync]: Checking table: transcription_folders
2026-09-23 13:04:04 [INFO] [database.sync]: Checking table: transcription_tasks
2026-09-23 13:04:04 [INFO] [database.sync]: Checking table: scheduled_triggers
2026-09-23 13:04:04 [INFO] [database.sync]: Checking table: message_status
2026-09-23 13:04:04 [INFO] [database.sync]: Checking table: user_question_embeddings
2026-09-23 13:04:04 [INFO] [database.sync]: Checking table: objection_clusters
2026-09-23 13:04:04 [INFO] [database.sync]: Checking table: objection_cluster_messages
2026-09-23 13:04:04 [INFO] [database.sync]: Checking table: backup_configs
2026-09-23 13:04:04 [INFO] [database.sync]: Checking table: backup_history
2026-09-23 13:04:04 [INFO] [database.sync]: Checking table: sales
2026-09-23 13:04:04 [INFO] [database.sync]: Checking table: calendar_events
2026-09-23 13:04:04 [INFO] [database.sync]: Checking table: testimonial_categories
2026-09-23 13:04:04 [INFO] [database.sync]: Checking table: testimonials
2026-09-23 13:04:04 [INFO] [database.sync]: Checking table: sent_testimonials
2026-09-23 13:04:04 [INFO] [database.sync]: Checking table: leads
2026-09-23 13:04:04 [INFO] [database.sync]: Checking table: semantic_caches
2026-09-23 13:04:04 [INFO] [database.sync]: Checking table: question_funnels
2026-09-23 13:04:04 [INFO] [database.sync]: ✅ Sincronização de schema concluída.
2026-09-23 13:04:04 [INFO] [database]: ✅ Inicialização do banco de dados concluída com sucesso!
2026-09-23 13:04:04 [INFO] [api.main]: ✅ Banco de dados inicializado.
2026-09-23 13:04:04 [INFO] [core.websocket]: 📡 Redis conectado (Listener: True)
2026-09-23 13:04:04 [INFO] [core.websocket]: 👂 Listener Redis Pub/Sub iniciado.
2026-09-23 13:04:04 [INFO] [api.main]: 🧹 [JANITOR DB] Worker de monitoramento do pool ativado (intervalo: 45s).
2026-09-23 13:04:04 [INFO] [core.websocket]: Nova conexão WebSocket estabelecida. Total local: 1
2026-09-23 13:04:04 [ERROR] [api.main]: ERRO GLOBAL: cannot access local variable 'current_step' where it is not associated with a value
Traceback (most recent call last):
  File "/usr/local/lib/python3.11/site-packages/starlette/middleware/errors.py", line 164, in __call__
    await self.app(scope, receive, _send)
  File "/usr/local/lib/python3.11/site-packages/starlette/middleware/cors.py", line 88, in __call__
    await self.app(scope, receive, send)
  File "/usr/local/lib/python3.11/site-packages/starlette/middleware/exceptions.py", line 63, in __call__
    await wrap_app_handling_exceptions(self.app, conn)(scope, receive, send)
  File "/usr/local/lib/python3.11/site-packages/starlette/_exception_handler.py", line 53, in wrapped_app
    raise exc
  File "/usr/local/lib/python3.11/site-packages/starlette/_exception_handler.py", line 42, in wrapped_app
    await app(scope, receive, sender)
  File "/usr/local/lib/python3.11/site-packages/fastapi/middleware/asyncexitstack.py", line 18, in __call__
    await self.app(scope, receive, send)
  File "/usr/local/lib/python3.11/site-packages/starlette/routing.py", line 670, in __call__
    await self.middleware_stack(scope, receive, send)
  File "/usr/local/lib/python3.11/site-packages/fastapi/routing.py", line 2734, in app
    await route.handle(scope, receive, send)
  File "/usr/local/lib/python3.11/site-packages/fastapi/routing.py", line 1780, in handle
    await self.original_router.handle(scope, receive, send)
  File "/usr/local/lib/python3.11/site-packages/fastapi/routing.py", line 2789, in handle
    await included_router._handle_selected(scope, receive, send)
  File "/usr/local/lib/python3.11/site-packages/fastapi/routing.py", line 1800, in _handle_selected
    await original_route.handle(scope, receive, send)
  File "/usr/local/lib/python3.11/site-packages/fastapi/routing.py", line 1279, in handle
    await app(scope, receive, send)
  File "/usr/local/lib/python3.11/site-packages/fastapi/routing.py", line 158, in app
    await wrap_app_handling_exceptions(app, request)(scope, receive, send)
  File "/usr/local/lib/python3.11/site-packages/starlette/_exception_handler.py", line 53, in wrapped_app
    raise exc
  File "/usr/local/lib/python3.11/site-packages/starlette/_exception_handler.py", line 42, in wrapped_app
    await app(scope, receive, sender)
  File "/usr/local/lib/python3.11/site-packages/fastapi/routing.py", line 144, in app
    response = await f(request)
               ^^^^^^^^^^^^^^^^
  File "/usr/local/lib/python3.11/site-packages/fastapi/routing.py", line 706, in app
    raw_response = await run_endpoint_function(
                   ^^^^^^^^^^^^^^^^^^^^^^^^^^^^
  File "/usr/local/lib/python3.11/site-packages/fastapi/routing.py", line 352, in run_endpoint_function
    return await dependant.call(**values)
           ^^^^^^^^^^^^^^^^^^^^^^^^^^^^^^
  File "/app/webhooks/leads_modules/pipeline_info.py", line 137, in get_lead_followup_pipeline
    elif current_step == -1:
         ^^^^^^^^^^^^
UnboundLocalError: cannot access local variable 'current_step' where it is not associated with a value
2026-09-23 13:04:41 [INFO] [core.websocket]: Conexão WebSocket encerrada. Total local: 0
2026-09-23 13:04:41 [INFO] [api.main]: 🛑 API Modular encerrando...
2026-09-23 13:04:43 [INFO] [core.logging_setup]: 📁 Log persistente ativo em /app/logs/backend.log
2026-09-23 13:04:43 [INFO] [database.sync]: ✨ Banco de dados 'ai_agent_db' já existe.
2026-09-23 13:04:43 [INFO] [database.sync]: 🔍 Iniciando auto-sincronização de schema...
2026-09-23 13:04:43 [INFO] [database.sync]: Checking table: agent_tools
2026-09-23 13:04:43 [INFO] [database.sync]: Checking table: agent_knowledge_bases
2026-09-23 13:04:43 [INFO] [database.sync]: Checking table: interaction_logs
2026-09-23 13:04:43 [INFO] [database.sync]: Checking table: session_summaries
2026-09-23 13:04:43 [INFO] [database.sync]: Checking table: knowledge_bases
2026-09-23 13:04:43 [INFO] [database.sync]: Checking table: knowledge_items
2026-09-23 13:04:43 [INFO] [database.sync]: Checking table: agent_config
2026-09-23 13:04:43 [INFO] [database.sync]: Checking table: tools
2026-09-23 13:04:43 [INFO] [database.sync]: Checking table: prompt_drafts
2026-09-23 13:04:43 [INFO] [database.sync]: Checking table: user_memory
2026-09-23 13:04:43 [INFO] [database.sync]: Checking table: feedback_logs
2026-09-23 13:04:43 [INFO] [database.sync]: Checking table: google_tokens
2026-09-23 13:04:43 [INFO] [database.sync]: Checking table: global_context_variables
2026-09-23 13:04:43 [INFO] [database.sync]: Checking table: users
2026-09-23 13:04:43 [INFO] [database.sync]: Checking table: user_invites
2026-09-23 13:04:43 [INFO] [database.sync]: Checking table: unanswered_questions
2026-09-23 13:04:43 [INFO] [database.sync]: Checking table: support_requests
2026-09-23 13:04:43 [INFO] [database.sync]: Checking table: webhook_configs
2026-09-23 13:04:43 [INFO] [database.sync]: Checking table: webhook_events
2026-09-23 13:04:43 [INFO] [database.sync]: Checking table: transcription_folders
2026-09-23 13:04:43 [INFO] [database.sync]: Checking table: transcription_tasks
2026-09-23 13:04:43 [INFO] [database.sync]: Checking table: scheduled_triggers
2026-09-23 13:04:43 [INFO] [database.sync]: Checking table: message_status
2026-09-23 13:04:43 [INFO] [database.sync]: Checking table: user_question_embeddings
2026-09-23 13:04:43 [INFO] [database.sync]: Checking table: objection_clusters
2026-09-23 13:04:43 [INFO] [database.sync]: Checking table: objection_cluster_messages
2026-09-23 13:04:43 [INFO] [database.sync]: Checking table: backup_configs
2026-09-23 13:04:43 [INFO] [database.sync]: Checking table: backup_history
2026-09-23 13:04:43 [INFO] [database.sync]: Checking table: sales
2026-09-23 13:04:43 [INFO] [database.sync]: Checking table: calendar_events
2026-09-23 13:04:43 [INFO] [database.sync]: Checking table: testimonial_categories
2026-09-23 13:04:43 [INFO] [database.sync]: Checking table: testimonials
2026-09-23 13:04:43 [INFO] [database.sync]: Checking table: sent_testimonials
2026-09-23 13:04:43 [INFO] [database.sync]: Checking table: leads
2026-09-23 13:04:43 [INFO] [database.sync]: Checking table: semantic_caches
2026-09-23 13:04:43 [INFO] [database.sync]: Checking table: question_funnels
2026-09-23 13:04:43 [INFO] [database.sync]: ✅ Sincronização de schema concluída.
2026-09-23 13:04:43 [INFO] [database]: ✅ Inicialização do banco de dados concluída com sucesso!
2026-09-23 13:04:44 [INFO] [core.logging_setup]: 📁 Log persistente ativo em /app/logs/backend.log
2026-09-23 13:04:46 [INFO] [core.logging_setup]: 📁 Log persistente ativo em /app/logs/backend.log
2026-09-23 13:04:53 [WARNING] [api.main]: ⚠️ session_analysis não encontrado.
2026-09-23 13:04:55 [INFO] [api.main]: 🚀 API Modular iniciando...
2026-09-23 13:04:55 [INFO] [database.sync]: ✨ Banco de dados 'ai_agent_db' já existe.
2026-09-23 13:04:55 [INFO] [database.sync]: 🔍 Iniciando auto-sincronização de schema...
2026-09-23 13:04:55 [INFO] [database.sync]: Checking table: agent_tools
2026-09-23 13:04:55 [INFO] [database.sync]: Checking table: agent_knowledge_bases
2026-09-23 13:04:55 [INFO] [database.sync]: Checking table: interaction_logs
2026-09-23 13:04:55 [INFO] [database.sync]: Checking table: session_summaries
2026-09-23 13:04:55 [INFO] [database.sync]: Checking table: knowledge_bases
2026-09-23 13:04:55 [INFO] [database.sync]: Checking table: knowledge_items
2026-09-23 13:04:55 [INFO] [database.sync]: Checking table: agent_config
2026-09-23 13:04:55 [INFO] [database.sync]: Checking table: tools
2026-09-23 13:04:55 [INFO] [database.sync]: Checking table: prompt_drafts
2026-09-23 13:04:55 [INFO] [database.sync]: Checking table: user_memory
2026-09-23 13:04:55 [INFO] [database.sync]: Checking table: feedback_logs
2026-09-23 13:04:55 [INFO] [database.sync]: Checking table: google_tokens
2026-09-23 13:04:55 [INFO] [database.sync]: Checking table: global_context_variables
2026-09-23 13:04:55 [INFO] [database.sync]: Checking table: users
2026-09-23 13:04:55 [INFO] [database.sync]: Checking table: user_invites
2026-09-23 13:04:55 [INFO] [database.sync]: Checking table: unanswered_questions
2026-09-23 13:04:55 [INFO] [database.sync]: Checking table: support_requests
2026-09-23 13:04:55 [INFO] [database.sync]: Checking table: webhook_configs
2026-09-23 13:04:55 [INFO] [database.sync]: Checking table: webhook_events
2026-09-23 13:04:55 [INFO] [database.sync]: Checking table: transcription_folders
2026-09-23 13:04:55 [INFO] [database.sync]: Checking table: transcription_tasks
2026-09-23 13:04:55 [INFO] [database.sync]: Checking table: scheduled_triggers
2026-09-23 13:04:55 [INFO] [database.sync]: Checking table: message_status
2026-09-23 13:04:55 [INFO] [database.sync]: Checking table: user_question_embeddings
2026-09-23 13:04:55 [INFO] [database.sync]: Checking table: objection_clusters
2026-09-23 13:04:55 [INFO] [database.sync]: Checking table: objection_cluster_messages
2026-09-23 13:04:55 [INFO] [database.sync]: Checking table: backup_configs
2026-09-23 13:04:55 [INFO] [database.sync]: Checking table: backup_history
2026-09-23 13:04:55 [INFO] [database.sync]: Checking table: sales
2026-09-23 13:04:55 [INFO] [database.sync]: Checking table: calendar_events
2026-09-23 13:04:55 [INFO] [database.sync]: Checking table: testimonial_categories
2026-09-23 13:04:55 [INFO] [database.sync]: Checking table: testimonials
2026-09-23 13:04:55 [INFO] [database.sync]: Checking table: sent_testimonials
2026-09-23 13:04:55 [INFO] [database.sync]: Checking table: leads
2026-09-23 13:04:55 [INFO] [database.sync]: Checking table: semantic_caches
2026-09-23 13:04:55 [INFO] [database.sync]: Checking table: question_funnels
2026-09-23 13:04:55 [INFO] [database.sync]: ✅ Sincronização de schema concluída.
2026-09-23 13:04:55 [INFO] [database]: ✅ Inicialização do banco de dados concluída com sucesso!
2026-09-23 13:04:55 [INFO] [api.main]: ✅ Banco de dados inicializado.
2026-09-23 13:04:55 [INFO] [core.websocket]: 📡 Redis conectado (Listener: True)
2026-09-23 13:04:55 [INFO] [core.websocket]: 👂 Listener Redis Pub/Sub iniciado.
2026-09-23 13:04:55 [INFO] [api.main]: 🧹 [JANITOR DB] Worker de monitoramento do pool ativado (intervalo: 45s).
2026-09-23 13:04:55 [INFO] [core.websocket]: Nova conexão WebSocket estabelecida. Total local: 1
2026-09-23 13:04:55 [ERROR] [api.main]: ERRO GLOBAL: can't compare offset-naive and offset-aware datetimes
Traceback (most recent call last):
  File "/usr/local/lib/python3.11/site-packages/starlette/middleware/errors.py", line 164, in __call__
    await self.app(scope, receive, _send)
  File "/usr/local/lib/python3.11/site-packages/starlette/middleware/cors.py", line 88, in __call__
    await self.app(scope, receive, send)
  File "/usr/local/lib/python3.11/site-packages/starlette/middleware/exceptions.py", line 63, in __call__
    await wrap_app_handling_exceptions(self.app, conn)(scope, receive, send)
  File "/usr/local/lib/python3.11/site-packages/starlette/_exception_handler.py", line 53, in wrapped_app
    raise exc
  File "/usr/local/lib/python3.11/site-packages/starlette/_exception_handler.py", line 42, in wrapped_app
    await app(scope, receive, sender)
  File "/usr/local/lib/python3.11/site-packages/fastapi/middleware/asyncexitstack.py", line 18, in __call__
    await self.app(scope, receive, send)
  File "/usr/local/lib/python3.11/site-packages/starlette/routing.py", line 670, in __call__
    await self.middleware_stack(scope, receive, send)
  File "/usr/local/lib/python3.11/site-packages/fastapi/routing.py", line 2734, in app
    await route.handle(scope, receive, send)
  File "/usr/local/lib/python3.11/site-packages/fastapi/routing.py", line 1780, in handle
    await self.original_router.handle(scope, receive, send)
  File "/usr/local/lib/python3.11/site-packages/fastapi/routing.py", line 2789, in handle
    await included_router._handle_selected(scope, receive, send)
  File "/usr/local/lib/python3.11/site-packages/fastapi/routing.py", line 1800, in _handle_selected
    await original_route.handle(scope, receive, send)
  File "/usr/local/lib/python3.11/site-packages/fastapi/routing.py", line 1279, in handle
    await app(scope, receive, send)
  File "/usr/local/lib/python3.11/site-packages/fastapi/routing.py", line 158, in app
    await wrap_app_handling_exceptions(app, request)(scope, receive, send)
  File "/usr/local/lib/python3.11/site-packages/starlette/_exception_handler.py", line 53, in wrapped_app
    raise exc
  File "/usr/local/lib/python3.11/site-packages/starlette/_exception_handler.py", line 42, in wrapped_app
    await app(scope, receive, sender)
  File "/usr/local/lib/python3.11/site-packages/fastapi/routing.py", line 144, in app
    response = await f(request)
               ^^^^^^^^^^^^^^^^
  File "/usr/local/lib/python3.11/site-packages/fastapi/routing.py", line 706, in app
    raw_response = await run_endpoint_function(
                   ^^^^^^^^^^^^^^^^^^^^^^^^^^^^
  File "/usr/local/lib/python3.11/site-packages/fastapi/routing.py", line 352, in run_endpoint_function
    return await dependant.call(**values)
           ^^^^^^^^^^^^^^^^^^^^^^^^^^^^^^
  File "/app/webhooks/leads_modules/pipeline_info.py", line 198, in get_lead_followup_pipeline
    started_at_dt = max(base_candidates)
                    ^^^^^^^^^^^^^^^^^^^^
TypeError: can't compare offset-naive and offset-aware datetimes
2026-09-23 13:05:29 [INFO] [core.websocket]: Conexão WebSocket encerrada. Total local: 0
2026-09-23 13:05:29 [INFO] [api.main]: 🛑 API Modular encerrando...
2026-09-23 13:05:31 [INFO] [core.logging_setup]: 📁 Log persistente ativo em /app/logs/backend.log
2026-09-23 13:05:32 [INFO] [database.sync]: ✨ Banco de dados 'ai_agent_db' já existe.
2026-09-23 13:05:32 [INFO] [database.sync]: 🔍 Iniciando auto-sincronização de schema...
2026-09-23 13:05:32 [INFO] [database.sync]: Checking table: agent_tools
2026-09-23 13:05:32 [INFO] [database.sync]: Checking table: agent_knowledge_bases
2026-09-23 13:05:32 [INFO] [database.sync]: Checking table: interaction_logs
2026-09-23 13:05:32 [INFO] [database.sync]: Checking table: session_summaries
2026-09-23 13:05:32 [INFO] [database.sync]: Checking table: knowledge_bases
2026-09-23 13:05:32 [INFO] [database.sync]: Checking table: knowledge_items
2026-09-23 13:05:32 [INFO] [database.sync]: Checking table: agent_config
2026-09-23 13:05:32 [INFO] [database.sync]: Checking table: tools
2026-09-23 13:05:32 [INFO] [database.sync]: Checking table: prompt_drafts
2026-09-23 13:05:32 [INFO] [database.sync]: Checking table: user_memory
2026-09-23 13:05:32 [INFO] [database.sync]: Checking table: feedback_logs
2026-09-23 13:05:32 [INFO] [database.sync]: Checking table: google_tokens
2026-09-23 13:05:32 [INFO] [database.sync]: Checking table: global_context_variables
2026-09-23 13:05:32 [INFO] [database.sync]: Checking table: users
2026-09-23 13:05:32 [INFO] [database.sync]: Checking table: user_invites
2026-09-23 13:05:32 [INFO] [database.sync]: Checking table: unanswered_questions
2026-09-23 13:05:32 [INFO] [database.sync]: Checking table: support_requests
2026-09-23 13:05:32 [INFO] [database.sync]: Checking table: webhook_configs
2026-09-23 13:05:32 [INFO] [database.sync]: Checking table: webhook_events
2026-09-23 13:05:32 [INFO] [database.sync]: Checking table: transcription_folders
2026-09-23 13:05:32 [INFO] [database.sync]: Checking table: transcription_tasks
2026-09-23 13:05:32 [INFO] [database.sync]: Checking table: scheduled_triggers
2026-09-23 13:05:32 [INFO] [database.sync]: Checking table: message_status
2026-09-23 13:05:32 [INFO] [database.sync]: Checking table: user_question_embeddings
2026-09-23 13:05:32 [INFO] [database.sync]: Checking table: objection_clusters
2026-09-23 13:05:32 [INFO] [database.sync]: Checking table: objection_cluster_messages
2026-09-23 13:05:32 [INFO] [database.sync]: Checking table: backup_configs
2026-09-23 13:05:32 [INFO] [database.sync]: Checking table: backup_history
2026-09-23 13:05:32 [INFO] [database.sync]: Checking table: sales
2026-09-23 13:05:32 [INFO] [database.sync]: Checking table: calendar_events
2026-09-23 13:05:32 [INFO] [database.sync]: Checking table: testimonial_categories
2026-09-23 13:05:32 [INFO] [database.sync]: Checking table: testimonials
2026-09-23 13:05:32 [INFO] [database.sync]: Checking table: sent_testimonials
2026-09-23 13:05:32 [INFO] [database.sync]: Checking table: leads
2026-09-23 13:05:32 [INFO] [database.sync]: Checking table: semantic_caches
2026-09-23 13:05:32 [INFO] [database.sync]: Checking table: question_funnels
2026-09-23 13:05:32 [INFO] [database.sync]: ✅ Sincronização de schema concluída.
2026-09-23 13:05:32 [INFO] [database]: ✅ Inicialização do banco de dados concluída com sucesso!
2026-09-23 13:05:33 [INFO] [core.logging_setup]: 📁 Log persistente ativo em /app/logs/backend.log
2026-09-23 13:05:35 [INFO] [core.logging_setup]: 📁 Log persistente ativo em /app/logs/backend.log
2026-09-23 13:05:44 [WARNING] [api.main]: ⚠️ session_analysis não encontrado.
2026-09-23 13:05:46 [INFO] [api.main]: 🚀 API Modular iniciando...
2026-09-23 13:05:46 [INFO] [database.sync]: ✨ Banco de dados 'ai_agent_db' já existe.
2026-09-23 13:05:46 [INFO] [database.sync]: 🔍 Iniciando auto-sincronização de schema...
2026-09-23 13:05:46 [INFO] [database.sync]: Checking table: agent_tools
2026-09-23 13:05:46 [INFO] [database.sync]: Checking table: agent_knowledge_bases
2026-09-23 13:05:46 [INFO] [database.sync]: Checking table: interaction_logs
2026-09-23 13:05:46 [INFO] [database.sync]: Checking table: session_summaries
2026-09-23 13:05:46 [INFO] [database.sync]: Checking table: knowledge_bases
2026-09-23 13:05:46 [INFO] [database.sync]: Checking table: knowledge_items
2026-09-23 13:05:46 [INFO] [database.sync]: Checking table: agent_config
2026-09-23 13:05:46 [INFO] [database.sync]: Checking table: tools
2026-09-23 13:05:46 [INFO] [database.sync]: Checking table: prompt_drafts
2026-09-23 13:05:46 [INFO] [database.sync]: Checking table: user_memory
2026-09-23 13:05:46 [INFO] [database.sync]: Checking table: feedback_logs
2026-09-23 13:05:46 [INFO] [database.sync]: Checking table: google_tokens
2026-09-23 13:05:46 [INFO] [database.sync]: Checking table: global_context_variables
2026-09-23 13:05:46 [INFO] [database.sync]: Checking table: users
2026-09-23 13:05:46 [INFO] [database.sync]: Checking table: user_invites
2026-09-23 13:05:46 [INFO] [database.sync]: Checking table: unanswered_questions
2026-09-23 13:05:46 [INFO] [database.sync]: Checking table: support_requests
2026-09-23 13:05:46 [INFO] [database.sync]: Checking table: webhook_configs
2026-09-23 13:05:46 [INFO] [database.sync]: Checking table: webhook_events
2026-09-23 13:05:46 [INFO] [database.sync]: Checking table: transcription_folders
2026-09-23 13:05:46 [INFO] [database.sync]: Checking table: transcription_tasks
2026-09-23 13:05:46 [INFO] [database.sync]: Checking table: scheduled_triggers
2026-09-23 13:05:46 [INFO] [database.sync]: Checking table: message_status
2026-09-23 13:05:46 [INFO] [database.sync]: Checking table: user_question_embeddings
2026-09-23 13:05:46 [INFO] [database.sync]: Checking table: objection_clusters
2026-09-23 13:05:46 [INFO] [database.sync]: Checking table: objection_cluster_messages
2026-09-23 13:05:46 [INFO] [database.sync]: Checking table: backup_configs
2026-09-23 13:05:46 [INFO] [database.sync]: Checking table: backup_history
2026-09-23 13:05:46 [INFO] [database.sync]: Checking table: sales
2026-09-23 13:05:46 [INFO] [database.sync]: Checking table: calendar_events
2026-09-23 13:05:46 [INFO] [database.sync]: Checking table: testimonial_categories
2026-09-23 13:05:46 [INFO] [database.sync]: Checking table: testimonials
2026-09-23 13:05:46 [INFO] [database.sync]: Checking table: sent_testimonials
2026-09-23 13:05:46 [INFO] [database.sync]: Checking table: leads
2026-09-23 13:05:46 [INFO] [database.sync]: Checking table: semantic_caches
2026-09-23 13:05:46 [INFO] [database.sync]: Checking table: question_funnels
2026-09-23 13:05:46 [INFO] [database.sync]: ✅ Sincronização de schema concluída.
2026-09-23 13:05:46 [INFO] [database]: ✅ Inicialização do banco de dados concluída com sucesso!
2026-09-23 13:05:46 [INFO] [api.main]: ✅ Banco de dados inicializado.
2026-09-23 13:05:46 [INFO] [core.websocket]: 📡 Redis conectado (Listener: True)
2026-09-23 13:05:46 [INFO] [core.websocket]: 👂 Listener Redis Pub/Sub iniciado.
2026-09-23 13:05:46 [INFO] [api.main]: 🧹 [JANITOR DB] Worker de monitoramento do pool ativado (intervalo: 45s).
2026-09-23 13:05:46 [INFO] [core.websocket]: Nova conexão WebSocket estabelecida. Total local: 1
2026-09-23 13:06:31 [INFO] [database.connection]: 🔍 [JANITOR DB] Pool Status -> Size: 25, CheckedOut: 0, Overflow: -24
2026-09-23 13:07:16 [INFO] [database.connection]: 🔍 [JANITOR DB] Pool Status -> Size: 25, CheckedOut: 0, Overflow: -24
2026-09-23 13:07:52 [INFO] [core.logging_setup]: 📁 Log persistente ativo em /app/logs/backend.log
2026-09-23 13:07:59 [WARNING] [api.main]: ⚠️ session_analysis não encontrado.
2026-09-23 13:08:01 [INFO] [database.connection]: 🔍 [JANITOR DB] Pool Status -> Size: 25, CheckedOut: 0, Overflow: -24
2026-09-23 13:08:09 [INFO] [core.websocket]: Conexão WebSocket encerrada. Total local: 0
2026-09-23 13:08:12 [INFO] [core.websocket]: Nova conexão WebSocket estabelecida. Total local: 1
2026-09-23 13:08:14 [INFO] [core.websocket]: Conexão WebSocket encerrada. Total local: 0
2026-09-23 13:08:46 [INFO] [database.connection]: 🔍 [JANITOR DB] Pool Status -> Size: 25, CheckedOut: 0, Overflow: -23
2026-09-23 13:09:31 [INFO] [database.connection]: 🔍 [JANITOR DB] Pool Status -> Size: 25, CheckedOut: 0, Overflow: -23
2026-09-23 13:10:14 [INFO] [api.main]: 🛑 API Modular encerrando...
2026-09-23 13:10:18 [INFO] [core.logging_setup]: 📁 Log persistente ativo em /app/logs/backend.log
2026-09-23 13:10:18 [INFO] [database.sync]: ✨ Banco de dados 'ai_agent_db' já existe.
2026-09-23 13:10:18 [INFO] [database.sync]: 🔍 Iniciando auto-sincronização de schema...
2026-09-23 13:10:19 [INFO] [database.sync]: Checking table: agent_tools
2026-09-23 13:10:19 [INFO] [database.sync]: Checking table: agent_knowledge_bases
2026-09-23 13:10:19 [INFO] [database.sync]: Checking table: interaction_logs
2026-09-23 13:10:19 [INFO] [database.sync]: Checking table: session_summaries
2026-09-23 13:10:19 [INFO] [database.sync]: Checking table: knowledge_bases
2026-09-23 13:10:19 [INFO] [database.sync]: Checking table: knowledge_items
2026-09-23 13:10:19 [INFO] [database.sync]: Checking table: agent_config
2026-09-23 13:10:19 [INFO] [database.sync]: Checking table: tools
2026-09-23 13:10:19 [INFO] [database.sync]: Checking table: prompt_drafts
2026-09-23 13:10:19 [INFO] [database.sync]: Checking table: user_memory
2026-09-23 13:10:19 [INFO] [database.sync]: Checking table: feedback_logs
2026-09-23 13:10:19 [INFO] [database.sync]: Checking table: google_tokens
2026-09-23 13:10:19 [INFO] [database.sync]: Checking table: global_context_variables
2026-09-23 13:10:19 [INFO] [database.sync]: Checking table: users
2026-09-23 13:10:19 [INFO] [database.sync]: Checking table: user_invites
2026-09-23 13:10:19 [INFO] [database.sync]: Checking table: unanswered_questions
2026-09-23 13:10:19 [INFO] [database.sync]: Checking table: support_requests
2026-09-23 13:10:19 [INFO] [database.sync]: Checking table: webhook_configs
2026-09-23 13:10:19 [INFO] [database.sync]: Checking table: webhook_events
2026-09-23 13:10:19 [INFO] [database.sync]: Checking table: transcription_folders
2026-09-23 13:10:19 [INFO] [database.sync]: Checking table: transcription_tasks
2026-09-23 13:10:19 [INFO] [database.sync]: Checking table: scheduled_triggers
2026-09-23 13:10:19 [INFO] [database.sync]: Checking table: message_status
2026-09-23 13:10:19 [INFO] [database.sync]: Checking table: user_question_embeddings
2026-09-23 13:10:19 [INFO] [database.sync]: Checking table: objection_clusters
2026-09-23 13:10:19 [INFO] [database.sync]: Checking table: objection_cluster_messages
2026-09-23 13:10:19 [INFO] [database.sync]: Checking table: backup_configs
2026-09-23 13:10:19 [INFO] [database.sync]: Checking table: backup_history
2026-09-23 13:10:19 [INFO] [database.sync]: Checking table: sales
2026-09-23 13:10:19 [INFO] [database.sync]: Checking table: calendar_events
2026-09-23 13:10:19 [INFO] [database.sync]: Checking table: testimonial_categories
2026-09-23 13:10:19 [INFO] [database.sync]: Checking table: testimonials
2026-09-23 13:10:19 [INFO] [database.sync]: Checking table: sent_testimonials
2026-09-23 13:10:19 [INFO] [database.sync]: Checking table: leads
2026-09-23 13:10:19 [INFO] [database.sync]: Checking table: semantic_caches
2026-09-23 13:10:19 [INFO] [database.sync]: Checking table: question_funnels
2026-09-23 13:10:19 [INFO] [database.sync]: ✅ Sincronização de schema concluída.
2026-09-23 13:10:19 [INFO] [database]: ✅ Inicialização do banco de dados concluída com sucesso!
2026-09-23 13:10:20 [INFO] [core.logging_setup]: 📁 Log persistente ativo em /app/logs/backend.log
2026-09-23 13:10:21 [INFO] [core.logging_setup]: 📁 Log persistente ativo em /app/logs/backend.log
2026-09-23 13:10:28 [WARNING] [api.main]: ⚠️ session_analysis não encontrado.
2026-09-23 13:10:29 [INFO] [api.main]: 🚀 API Modular iniciando...
2026-09-23 13:10:30 [INFO] [database.sync]: ✨ Banco de dados 'ai_agent_db' já existe.
2026-09-23 13:10:30 [INFO] [database.sync]: 🔍 Iniciando auto-sincronização de schema...
2026-09-23 13:10:30 [INFO] [database.sync]: Checking table: agent_tools
2026-09-23 13:10:30 [INFO] [database.sync]: Checking table: agent_knowledge_bases
2026-09-23 13:10:30 [INFO] [database.sync]: Checking table: interaction_logs
2026-09-23 13:10:30 [INFO] [database.sync]: Checking table: session_summaries
2026-09-23 13:10:30 [INFO] [database.sync]: Checking table: knowledge_bases
2026-09-23 13:10:30 [INFO] [database.sync]: Checking table: knowledge_items
2026-09-23 13:10:30 [INFO] [database.sync]: Checking table: agent_config
2026-09-23 13:10:30 [INFO] [database.sync]: Checking table: tools
2026-09-23 13:10:30 [INFO] [database.sync]: Checking table: prompt_drafts
2026-09-23 13:10:30 [INFO] [database.sync]: Checking table: user_memory
2026-09-23 13:10:30 [INFO] [database.sync]: Checking table: feedback_logs
2026-09-23 13:10:30 [INFO] [database.sync]: Checking table: google_tokens
2026-09-23 13:10:30 [INFO] [database.sync]: Checking table: global_context_variables
2026-09-23 13:10:30 [INFO] [database.sync]: Checking table: users
2026-09-23 13:10:30 [INFO] [database.sync]: Checking table: user_invites
2026-09-23 13:10:30 [INFO] [database.sync]: Checking table: unanswered_questions
2026-09-23 13:10:30 [INFO] [database.sync]: Checking table: support_requests
2026-09-23 13:10:30 [INFO] [database.sync]: Checking table: webhook_configs
2026-09-23 13:10:30 [INFO] [database.sync]: Checking table: webhook_events
2026-09-23 13:10:30 [INFO] [database.sync]: Checking table: transcription_folders
2026-09-23 13:10:30 [INFO] [database.sync]: Checking table: transcription_tasks
2026-09-23 13:10:30 [INFO] [database.sync]: Checking table: scheduled_triggers
2026-09-23 13:10:30 [INFO] [database.sync]: Checking table: message_status
2026-09-23 13:10:30 [INFO] [database.sync]: Checking table: user_question_embeddings
2026-09-23 13:10:30 [INFO] [database.sync]: Checking table: objection_clusters
2026-09-23 13:10:30 [INFO] [database.sync]: Checking table: objection_cluster_messages
2026-09-23 13:10:30 [INFO] [database.sync]: Checking table: backup_configs
2026-09-23 13:10:30 [INFO] [database.sync]: Checking table: backup_history
2026-09-23 13:10:30 [INFO] [database.sync]: Checking table: sales
2026-09-23 13:10:30 [INFO] [database.sync]: Checking table: calendar_events
2026-09-23 13:10:30 [INFO] [database.sync]: Checking table: testimonial_categories
2026-09-23 13:10:30 [INFO] [database.sync]: Checking table: testimonials
2026-09-23 13:10:30 [INFO] [database.sync]: Checking table: sent_testimonials
2026-09-23 13:10:30 [INFO] [database.sync]: Checking table: leads
2026-09-23 13:10:30 [INFO] [database.sync]: Checking table: semantic_caches
2026-09-23 13:10:30 [INFO] [database.sync]: Checking table: question_funnels
2026-09-23 13:10:30 [INFO] [database.sync]: ✅ Sincronização de schema concluída.
2026-09-23 13:10:30 [INFO] [database]: ✅ Inicialização do banco de dados concluída com sucesso!
2026-09-23 13:10:30 [INFO] [api.main]: ✅ Banco de dados inicializado.
2026-09-23 13:10:30 [INFO] [core.websocket]: 📡 Redis conectado (Listener: True)
2026-09-23 13:10:30 [INFO] [core.websocket]: 👂 Listener Redis Pub/Sub iniciado.
2026-09-23 13:10:30 [INFO] [api.main]: 🧹 [JANITOR DB] Worker de monitoramento do pool ativado (intervalo: 45s).
2026-09-23 13:11:15 [INFO] [database.connection]: 🔍 [JANITOR DB] Pool Status -> Size: 25, CheckedOut: 0, Overflow: -24
2026-09-23 13:12:00 [INFO] [database.connection]: 🔍 [JANITOR DB] Pool Status -> Size: 25, CheckedOut: 0, Overflow: -24
2026-09-23 13:12:45 [INFO] [database.connection]: 🔍 [JANITOR DB] Pool Status -> Size: 25, CheckedOut: 0, Overflow: -24
2026-09-23 13:13:22 [INFO] [api.routers.tools]: [LABELS] Config ZapVoice recuperada via fallback do WebhookConfig: url=https://api.aryaraj.shop, client_id=11
2026-09-23 13:13:22 [INFO] [api.routers.tools]: [LABELS] Chamando ZapVoice: https://api.aryaraj.shop/api/chat/labels com client_id=11
2026-09-23 13:13:22 [INFO] [api.routers.tools]: [LABELS] Config ZapVoice recuperada via fallback do WebhookConfig: url=https://api.aryaraj.shop, client_id=11
2026-09-23 13:13:22 [INFO] [api.routers.tools]: [LABELS] Chamando ZapVoice: https://api.aryaraj.shop/api/chat/labels com client_id=11
2026-09-23 13:13:23 [INFO] [api.routers.tools]: [LABELS] Chamando ZapVoice: https://api.aryaraj.shop/api/chat/labels com client_id=11
2026-09-23 13:13:23 [INFO] [api.routers.tools]: [LABELS] Chamando ZapVoice: https://api.aryaraj.shop/api/chat/labels com client_id=11
2026-09-23 13:13:23 [INFO] [api.routers.tools]: [LABELS] ZapVoice respondeu 200: ["compra_aprovada_bussula","pepepopop","porrrrrrrrr","robo","teste_do_amor","tete-toto","tettotoklkkkllklklkl","whatsapp"]
2026-09-23 13:13:23 [INFO] [api.routers.tools]: [LABELS] ZapVoice respondeu 200: ["compra_aprovada_bussula","pepepopop","porrrrrrrrr","robo","teste_do_amor","tete-toto","tettotoklkkkllklklkl","whatsapp"]
2026-09-23 13:13:23 [INFO] [api.routers.tools]: [LABELS] ZapVoice respondeu 200: ["compra_aprovada_bussula","pepepopop","porrrrrrrrr","robo","teste_do_amor","tete-toto","tettotoklkkkllklklkl","whatsapp"]
2026-09-23 13:13:23 [INFO] [api.routers.tools]: [LABELS] ZapVoice respondeu 200: ["compra_aprovada_bussula","pepepopop","porrrrrrrrr","robo","teste_do_amor","tete-toto","tettotoklkkkllklklkl","whatsapp"]
2026-09-23 13:13:25 [INFO] [core.websocket]: Nova conexão WebSocket estabelecida. Total local: 1
2026-09-23 13:13:25 [INFO] [webhooks.leads_modules.listing]: 📊 Buscando leads para webhook 113 na tabela leads (Page: 1, Size: 20, Search: None)
2026-09-23 13:13:25 [INFO] [webhooks.leads_modules.listing]: ✅ Encontrados 20 leads de um total de 1502.
2026-09-23 13:13:25 [INFO] [webhooks.leads_modules.listing]: 📊 Buscando leads para webhook 113 na tabela leads (Page: 1, Size: 20, Search: None)
2026-09-23 13:13:25 [INFO] [webhooks.leads_modules.listing]: ✅ Encontrados 20 leads de um total de 1502.
2026-09-23 13:13:25 [INFO] [webhooks.leads_modules.listing]: 📊 Buscando leads para webhook 113 na tabela leads (Page: 1, Size: 20, Search: None)
2026-09-23 13:13:25 [INFO] [webhooks.leads_modules.listing]: ✅ Encontrados 20 leads de um total de 1502.
2026-09-23 13:13:25 [INFO] [core.websocket]: Conexão WebSocket encerrada. Total local: 0
2026-09-23 13:13:30 [INFO] [database.connection]: 🔍 [JANITOR DB] Pool Status -> Size: 25, CheckedOut: 0, Overflow: -19
2026-09-23 13:14:15 [INFO] [database.connection]: 🔍 [JANITOR DB] Pool Status -> Size: 25, CheckedOut: 0, Overflow: -19
2026-09-23 13:15:00 [INFO] [database.connection]: 🔍 [JANITOR DB] Pool Status -> Size: 25, CheckedOut: 0, Overflow: -19
2026-09-23 13:15:45 [INFO] [database.connection]: 🔍 [JANITOR DB] Pool Status -> Size: 25, CheckedOut: 0, Overflow: -19
2026-09-23 13:16:30 [INFO] [database.connection]: 🔍 [JANITOR DB] Pool Status -> Size: 25, CheckedOut: 0, Overflow: -19
2026-09-23 13:17:15 [INFO] [database.connection]: 🔍 [JANITOR DB] Pool Status -> Size: 25, CheckedOut: 0, Overflow: -19
2026-09-23 13:18:00 [INFO] [database.connection]: 🔍 [JANITOR DB] Pool Status -> Size: 25, CheckedOut: 0, Overflow: -19
2026-09-23 13:18:09 [INFO] [api.routers.tools]: [LABELS] Config ZapVoice recuperada via fallback do WebhookConfig: url=https://api.aryaraj.shop, client_id=11
2026-09-23 13:18:09 [INFO] [api.routers.tools]: [LABELS] Chamando ZapVoice: https://api.aryaraj.shop/api/chat/labels com client_id=11
2026-09-23 13:18:09 [INFO] [api.routers.tools]: [LABELS] Config ZapVoice recuperada via fallback do WebhookConfig: url=https://api.aryaraj.shop, client_id=11
2026-09-23 13:18:09 [INFO] [api.routers.tools]: [LABELS] Chamando ZapVoice: https://api.aryaraj.shop/api/chat/labels com client_id=11
2026-09-23 13:18:10 [INFO] [api.routers.tools]: [LABELS] ZapVoice respondeu 200: ["compra_aprovada_bussula","pepepopop","porrrrrrrrr","robo","teste_do_amor","tete-toto","tettotoklkkkllklklkl","whatsapp"]
2026-09-23 13:18:10 [INFO] [api.routers.tools]: [LABELS] ZapVoice respondeu 200: ["compra_aprovada_bussula","pepepopop","porrrrrrrrr","robo","teste_do_amor","tete-toto","tettotoklkkkllklklkl","whatsapp"]
2026-09-23 13:18:12 [INFO] [webhooks.leads_modules.listing]: 📊 Buscando leads para webhook 113 na tabela leads (Page: 1, Size: 20, Search: None)
2026-09-23 13:18:12 [INFO] [webhooks.leads_modules.listing]: ✅ Encontrados 20 leads de um total de 1502.
2026-09-23 13:18:12 [INFO] [core.websocket]: Nova conexão WebSocket estabelecida. Total local: 1
2026-09-23 13:18:12 [INFO] [webhooks.leads_modules.listing]: 📊 Buscando leads para webhook 113 na tabela leads (Page: 1, Size: 20, Search: None)
2026-09-23 13:18:12 [INFO] [webhooks.leads_modules.listing]: ✅ Encontrados 20 leads de um total de 1502.
2026-09-23 13:18:13 [INFO] [webhooks.leads_modules.listing]: 📊 Buscando leads para webhook 113 na tabela leads (Page: 1, Size: 20, Search: None)
2026-09-23 13:18:13 [INFO] [webhooks.leads_modules.listing]: ✅ Encontrados 20 leads de um total de 1502.
2026-09-23 13:18:18 [INFO] [core.websocket]: Conexão WebSocket encerrada. Total local: 0
2026-09-23 13:18:45 [INFO] [database.connection]: 🔍 [JANITOR DB] Pool Status -> Size: 25, CheckedOut: 0, Overflow: -19
2026-09-23 13:19:30 [INFO] [database.connection]: 🔍 [JANITOR DB] Pool Status -> Size: 25, CheckedOut: 0, Overflow: -19
2026-09-23 13:19:47 [INFO] [api.routers.tools]: [LABELS] Config ZapVoice recuperada via fallback do WebhookConfig: url=https://api.aryaraj.shop, client_id=11
2026-09-23 13:19:47 [INFO] [api.routers.tools]: [LABELS] Chamando ZapVoice: https://api.aryaraj.shop/api/chat/labels com client_id=11
2026-09-23 13:19:47 [INFO] [api.routers.tools]: [LABELS] Config ZapVoice recuperada via fallback do WebhookConfig: url=https://api.aryaraj.shop, client_id=11
2026-09-23 13:19:47 [INFO] [api.routers.tools]: [LABELS] Chamando ZapVoice: https://api.aryaraj.shop/api/chat/labels com client_id=11
2026-09-23 13:19:47 [INFO] [api.routers.tools]: [LABELS] ZapVoice respondeu 200: ["compra_aprovada_bussula","pepepopop","porrrrrrrrr","robo","teste_do_amor","tete-toto","tettotoklkkkllklklkl","whatsapp"]
2026-09-23 13:19:47 [INFO] [api.routers.tools]: [LABELS] ZapVoice respondeu 200: ["compra_aprovada_bussula","pepepopop","porrrrrrrrr","robo","teste_do_amor","tete-toto","tettotoklkkkllklklkl","whatsapp"]
2026-09-23 13:19:48 [INFO] [webhooks.leads_modules.listing]: 📊 Buscando leads para webhook 113 na tabela leads (Page: 1, Size: 20, Search: None)
2026-09-23 13:19:48 [INFO] [core.websocket]: Nova conexão WebSocket estabelecida. Total local: 1
2026-09-23 13:19:48 [INFO] [webhooks.leads_modules.listing]: ✅ Encontrados 20 leads de um total de 1502.
2026-09-23 13:19:48 [INFO] [webhooks.leads_modules.listing]: 📊 Buscando leads para webhook 113 na tabela leads (Page: 1, Size: 20, Search: None)
2026-09-23 13:19:48 [INFO] [webhooks.leads_modules.listing]: ✅ Encontrados 20 leads de um total de 1502.
2026-09-23 13:19:48 [INFO] [webhooks.leads_modules.listing]: 📊 Buscando leads para webhook 113 na tabela leads (Page: 1, Size: 20, Search: None)
2026-09-23 13:19:48 [INFO] [webhooks.leads_modules.listing]: ✅ Encontrados 20 leads de um total de 1502.
2026-09-23 13:20:15 [INFO] [database.connection]: 🔍 [JANITOR DB] Pool Status -> Size: 25, CheckedOut: 0, Overflow: -19
2026-09-23 13:20:56 [INFO] [core.websocket]: Conexão WebSocket encerrada. Total local: 0
2026-09-23 13:20:57 [INFO] [api.routers.tools]: [LABELS] Chamando ZapVoice: https://api.aryaraj.shop/api/chat/labels com client_id=11
2026-09-23 13:20:57 [INFO] [api.routers.tools]: [LABELS] Chamando ZapVoice: https://api.aryaraj.shop/api/chat/labels com client_id=11
2026-09-23 13:20:58 [INFO] [api.routers.tools]: [LABELS] ZapVoice respondeu 200: ["compra_aprovada_bussula","pepepopop","porrrrrrrrr","robo","teste_do_amor","tete-toto","tettotoklkkkllklklkl","whatsapp"]
2026-09-23 13:20:58 [INFO] [api.routers.tools]: [LABELS] ZapVoice respondeu 200: ["compra_aprovada_bussula","pepepopop","porrrrrrrrr","robo","teste_do_amor","tete-toto","tettotoklkkkllklklkl","whatsapp"]
2026-09-23 13:21:00 [INFO] [zapvoice_utils]: ✅ 8 templates WhatsApp recuperados do ZapVoice.
2026-09-23 13:21:00 [INFO] [database.connection]: 🔍 [JANITOR DB] Pool Status -> Size: 25, CheckedOut: 0, Overflow: -19
2026-09-23 13:21:04 [INFO] [core.websocket]: Nova conexão WebSocket estabelecida. Total local: 1
2026-09-23 13:21:04 [INFO] [webhooks.leads_modules.listing]: 📊 Buscando leads para webhook 113 na tabela leads (Page: 1, Size: 20, Search: None)
2026-09-23 13:21:04 [INFO] [webhooks.leads_modules.listing]: ✅ Encontrados 20 leads de um total de 1502.
2026-09-23 13:21:04 [INFO] [webhooks.leads_modules.listing]: 📊 Buscando leads para webhook 113 na tabela leads (Page: 1, Size: 20, Search: None)
2026-09-23 13:21:04 [INFO] [webhooks.leads_modules.listing]: ✅ Encontrados 20 leads de um total de 1502.
2026-09-23 13:21:45 [INFO] [database.connection]: 🔍 [JANITOR DB] Pool Status -> Size: 25, CheckedOut: 0, Overflow: -19
2026-09-23 13:22:30 [INFO] [database.connection]: 🔍 [JANITOR DB] Pool Status -> Size: 25, CheckedOut: 0, Overflow: -19
2026-09-23 13:23:15 [INFO] [database.connection]: 🔍 [JANITOR DB] Pool Status -> Size: 25, CheckedOut: 0, Overflow: -19
2026-09-23 13:24:00 [INFO] [database.connection]: 🔍 [JANITOR DB] Pool Status -> Size: 25, CheckedOut: 0, Overflow: -19
2026-09-23 13:24:45 [INFO] [database.connection]: 🔍 [JANITOR DB] Pool Status -> Size: 25, CheckedOut: 0, Overflow: -19
2026-09-23 13:25:30 [INFO] [database.connection]: 🔍 [JANITOR DB] Pool Status -> Size: 25, CheckedOut: 0, Overflow: -19
2026-09-23 13:25:38 [INFO] [core.logging_setup]: 📁 Log persistente ativo em /app/logs/backend.log
2026-09-23 13:25:45 [WARNING] [api.main]: ⚠️ session_analysis não encontrado.
2026-09-23 13:25:56 [INFO] [core.websocket]: Conexão WebSocket encerrada. Total local: 0
2026-09-23 13:25:56 [INFO] [api.main]: 🛑 API Modular encerrando...
2026-09-23 13:25:58 [INFO] [core.logging_setup]: 📁 Log persistente ativo em /app/logs/backend.log
2026-09-23 13:25:59 [INFO] [database.sync]: ✨ Banco de dados 'ai_agent_db' já existe.
2026-09-23 13:25:59 [INFO] [database.sync]: 🔍 Iniciando auto-sincronização de schema...
2026-09-23 13:25:59 [INFO] [database.sync]: Checking table: agent_tools
2026-09-23 13:25:59 [INFO] [database.sync]: Checking table: agent_knowledge_bases
2026-09-23 13:25:59 [INFO] [database.sync]: Checking table: interaction_logs
2026-09-23 13:25:59 [INFO] [database.sync]: Checking table: session_summaries
2026-09-23 13:25:59 [INFO] [database.sync]: Checking table: knowledge_bases
2026-09-23 13:25:59 [INFO] [database.sync]: Checking table: knowledge_items
2026-09-23 13:25:59 [INFO] [database.sync]: Checking table: agent_config
2026-09-23 13:25:59 [INFO] [database.sync]: Checking table: tools
2026-09-23 13:25:59 [INFO] [database.sync]: Checking table: prompt_drafts
2026-09-23 13:25:59 [INFO] [database.sync]: Checking table: user_memory
2026-09-23 13:25:59 [INFO] [database.sync]: Checking table: feedback_logs
2026-09-23 13:25:59 [INFO] [database.sync]: Checking table: google_tokens
2026-09-23 13:25:59 [INFO] [database.sync]: Checking table: global_context_variables
2026-09-23 13:25:59 [INFO] [database.sync]: Checking table: users
2026-09-23 13:25:59 [INFO] [database.sync]: Checking table: user_invites
2026-09-23 13:25:59 [INFO] [database.sync]: Checking table: unanswered_questions
2026-09-23 13:25:59 [INFO] [database.sync]: Checking table: support_requests
2026-09-23 13:25:59 [INFO] [database.sync]: Checking table: webhook_configs
2026-09-23 13:25:59 [INFO] [database.sync]: Checking table: webhook_events
2026-09-23 13:25:59 [INFO] [database.sync]: Checking table: transcription_folders
2026-09-23 13:25:59 [INFO] [database.sync]: Checking table: transcription_tasks
2026-09-23 13:25:59 [INFO] [database.sync]: Checking table: scheduled_triggers
2026-09-23 13:25:59 [INFO] [database.sync]: Checking table: message_status
2026-09-23 13:25:59 [INFO] [database.sync]: Checking table: user_question_embeddings
2026-09-23 13:25:59 [INFO] [database.sync]: Checking table: objection_clusters
2026-09-23 13:25:59 [INFO] [database.sync]: Checking table: objection_cluster_messages
2026-09-23 13:25:59 [INFO] [database.sync]: Checking table: backup_configs
2026-09-23 13:25:59 [INFO] [database.sync]: Checking table: backup_history
2026-09-23 13:25:59 [INFO] [database.sync]: Checking table: sales
2026-09-23 13:25:59 [INFO] [database.sync]: Checking table: calendar_events
2026-09-23 13:25:59 [INFO] [database.sync]: Checking table: testimonial_categories
2026-09-23 13:25:59 [INFO] [database.sync]: Checking table: testimonials
2026-09-23 13:25:59 [INFO] [database.sync]: Checking table: sent_testimonials
2026-09-23 13:25:59 [INFO] [database.sync]: Checking table: leads
2026-09-23 13:25:59 [INFO] [database.sync]: Checking table: semantic_caches
2026-09-23 13:25:59 [INFO] [database.sync]: Checking table: question_funnels
2026-09-23 13:25:59 [INFO] [database.sync]: ✅ Sincronização de schema concluída.
2026-09-23 13:25:59 [INFO] [database]: ✅ Inicialização do banco de dados concluída com sucesso!
2026-09-23 13:26:00 [INFO] [core.logging_setup]: 📁 Log persistente ativo em /app/logs/backend.log
2026-09-23 13:26:02 [INFO] [core.logging_setup]: 📁 Log persistente ativo em /app/logs/backend.log
2026-09-23 13:26:13 [WARNING] [api.main]: ⚠️ session_analysis não encontrado.
2026-09-23 13:26:20 [INFO] [api.main]: 🚀 API Modular iniciando...
2026-09-23 13:26:21 [INFO] [database.sync]: ✨ Banco de dados 'ai_agent_db' já existe.
2026-09-23 13:26:21 [INFO] [database.sync]: 🔍 Iniciando auto-sincronização de schema...
2026-09-23 13:26:21 [INFO] [database.sync]: Checking table: agent_tools
2026-09-23 13:26:21 [INFO] [database.sync]: Checking table: agent_knowledge_bases
2026-09-23 13:26:21 [INFO] [database.sync]: Checking table: interaction_logs
2026-09-23 13:26:21 [INFO] [database.sync]: Checking table: session_summaries
2026-09-23 13:26:21 [INFO] [database.sync]: Checking table: knowledge_bases
2026-09-23 13:26:21 [INFO] [database.sync]: Checking table: knowledge_items
2026-09-23 13:26:21 [INFO] [database.sync]: Checking table: agent_config
2026-09-23 13:26:21 [INFO] [database.sync]: Checking table: tools
2026-09-23 13:26:21 [INFO] [database.sync]: Checking table: prompt_drafts
2026-09-23 13:26:21 [INFO] [database.sync]: Checking table: user_memory
2026-09-23 13:26:21 [INFO] [database.sync]: Checking table: feedback_logs
2026-09-23 13:26:21 [INFO] [database.sync]: Checking table: google_tokens
2026-09-23 13:26:21 [INFO] [database.sync]: Checking table: global_context_variables
2026-09-23 13:26:21 [INFO] [database.sync]: Checking table: users
2026-09-23 13:26:21 [INFO] [database.sync]: Checking table: user_invites
2026-09-23 13:26:21 [INFO] [database.sync]: Checking table: unanswered_questions
2026-09-23 13:26:21 [INFO] [database.sync]: Checking table: support_requests
2026-09-23 13:26:21 [INFO] [database.sync]: Checking table: webhook_configs
2026-09-23 13:26:21 [INFO] [database.sync]: Checking table: webhook_events
2026-09-23 13:26:21 [INFO] [database.sync]: Checking table: transcription_folders
2026-09-23 13:26:21 [INFO] [database.sync]: Checking table: transcription_tasks
2026-09-23 13:26:21 [INFO] [database.sync]: Checking table: scheduled_triggers
2026-09-23 13:26:21 [INFO] [database.sync]: Checking table: message_status
2026-09-23 13:26:21 [INFO] [database.sync]: Checking table: user_question_embeddings
2026-09-23 13:26:21 [INFO] [database.sync]: Checking table: objection_clusters
2026-09-23 13:26:21 [INFO] [database.sync]: Checking table: objection_cluster_messages
2026-09-23 13:26:21 [INFO] [database.sync]: Checking table: backup_configs
2026-09-23 13:26:22 [INFO] [database.sync]: Checking table: backup_history
2026-09-23 13:26:22 [INFO] [database.sync]: Checking table: sales
2026-09-23 13:26:22 [INFO] [database.sync]: Checking table: calendar_events
2026-09-23 13:26:22 [INFO] [database.sync]: Checking table: testimonial_categories
2026-09-23 13:26:22 [INFO] [database.sync]: Checking table: testimonials
2026-09-23 13:26:22 [INFO] [database.sync]: Checking table: sent_testimonials
2026-09-23 13:26:22 [INFO] [database.sync]: Checking table: leads
2026-09-23 13:26:22 [INFO] [database.sync]: Checking table: semantic_caches
2026-09-23 13:26:22 [INFO] [database.sync]: Checking table: question_funnels
2026-09-23 13:26:22 [INFO] [database.sync]: ✅ Sincronização de schema concluída.
2026-09-23 13:26:22 [INFO] [database]: ✅ Inicialização do banco de dados concluída com sucesso!
2026-09-23 13:26:22 [INFO] [api.main]: ✅ Banco de dados inicializado.
2026-09-23 13:26:22 [INFO] [core.websocket]: 📡 Redis conectado (Listener: True)
2026-09-23 13:26:22 [INFO] [core.websocket]: 👂 Listener Redis Pub/Sub iniciado.
2026-09-23 13:26:22 [INFO] [api.main]: 🧹 [JANITOR DB] Worker de monitoramento do pool ativado (intervalo: 45s).
2026-09-23 13:26:23 [INFO] [core.websocket]: Nova conexão WebSocket estabelecida. Total local: 1
2026-09-23 13:26:37 [INFO] [core.websocket]: Conexão WebSocket encerrada. Total local: 0
2026-09-23 13:26:59 [INFO] [core.websocket]: Nova conexão WebSocket estabelecida. Total local: 1
2026-09-23 13:27:07 [INFO] [database.connection]: 🔍 [JANITOR DB] Pool Status -> Size: 25, CheckedOut: 0, Overflow: -24
2026-09-23 13:27:38 [INFO] [core.websocket]: Conexão WebSocket encerrada. Total local: 0
2026-09-23 13:27:52 [INFO] [database.connection]: 🔍 [JANITOR DB] Pool Status -> Size: 25, CheckedOut: 0, Overflow: -24
2026-09-23 13:28:37 [INFO] [database.connection]: 🔍 [JANITOR DB] Pool Status -> Size: 25, CheckedOut: 0, Overflow: -23
2026-09-23 13:28:53 [INFO] [api.routers.tools]: [LABELS] Config ZapVoice recuperada via fallback do WebhookConfig: url=https://api.aryaraj.shop, client_id=11
2026-09-23 13:28:53 [INFO] [api.routers.tools]: [LABELS] Chamando ZapVoice: https://api.aryaraj.shop/api/chat/labels com client_id=11
2026-09-23 13:28:53 [INFO] [api.routers.tools]: [LABELS] Config ZapVoice recuperada via fallback do WebhookConfig: url=https://api.aryaraj.shop, client_id=11
2026-09-23 13:28:53 [INFO] [api.routers.tools]: [LABELS] Chamando ZapVoice: https://api.aryaraj.shop/api/chat/labels com client_id=11
2026-09-23 13:28:53 [INFO] [api.routers.tools]: [LABELS] ZapVoice respondeu 200: ["compra_aprovada_bussula","pepepopop","porrrrrrrrr","robo","teste_do_amor","tete-toto","tettotoklkkkllklklkl","whatsapp"]
2026-09-23 13:28:53 [INFO] [api.routers.tools]: [LABELS] ZapVoice respondeu 200: ["compra_aprovada_bussula","pepepopop","porrrrrrrrr","robo","teste_do_amor","tete-toto","tettotoklkkkllklklkl","whatsapp"]
2026-09-23 13:28:56 [INFO] [core.websocket]: Nova conexão WebSocket estabelecida. Total local: 1
2026-09-23 13:28:56 [INFO] [webhooks.leads_modules.listing]: 📊 Buscando leads para webhook 113 na tabela leads (Page: 1, Size: 20, Search: None)
2026-09-23 13:28:56 [INFO] [webhooks.leads_modules.listing]: ✅ Encontrados 20 leads de um total de 1502.
2026-09-23 13:28:56 [INFO] [webhooks.leads_modules.listing]: 📊 Buscando leads para webhook 113 na tabela leads (Page: 1, Size: 20, Search: None)
2026-09-23 13:28:56 [INFO] [webhooks.leads_modules.listing]: ✅ Encontrados 20 leads de um total de 1502.
2026-09-23 13:28:56 [INFO] [webhooks.leads_modules.listing]: 📊 Buscando leads para webhook 113 na tabela leads (Page: 1, Size: 20, Search: None)
2026-09-23 13:28:56 [INFO] [webhooks.leads_modules.listing]: ✅ Encontrados 20 leads de um total de 1502.
2026-09-23 13:29:01 [INFO] [core.websocket]: Conexão WebSocket encerrada. Total local: 0
2026-09-23 13:29:22 [INFO] [database.connection]: 🔍 [JANITOR DB] Pool Status -> Size: 25, CheckedOut: 0, Overflow: -19
2026-09-23 13:30:07 [INFO] [database.connection]: 🔍 [JANITOR DB] Pool Status -> Size: 25, CheckedOut: 0, Overflow: -19
2026-09-23 13:30:21 [INFO] [api.routers.tools]: [LABELS] Config ZapVoice recuperada via fallback do WebhookConfig: url=https://api.aryaraj.shop, client_id=11
2026-09-23 13:30:21 [INFO] [api.routers.tools]: [LABELS] Chamando ZapVoice: https://api.aryaraj.shop/api/chat/labels com client_id=11
2026-09-23 13:30:21 [INFO] [api.routers.tools]: [LABELS] Config ZapVoice recuperada via fallback do WebhookConfig: url=https://api.aryaraj.shop, client_id=11
2026-09-23 13:30:21 [INFO] [api.routers.tools]: [LABELS] Chamando ZapVoice: https://api.aryaraj.shop/api/chat/labels com client_id=11
2026-09-23 13:30:21 [INFO] [api.routers.tools]: [LABELS] ZapVoice respondeu 200: ["compra_aprovada_bussula","pepepopop","porrrrrrrrr","robo","teste_do_amor","tete-toto","tettotoklkkkllklklkl","whatsapp"]
2026-09-23 13:30:21 [INFO] [api.routers.tools]: [LABELS] ZapVoice respondeu 200: ["compra_aprovada_bussula","pepepopop","porrrrrrrrr","robo","teste_do_amor","tete-toto","tettotoklkkkllklklkl","whatsapp"]
2026-09-23 13:30:22 [INFO] [webhooks.leads_modules.listing]: 📊 Buscando leads para webhook 113 na tabela leads (Page: 1, Size: 20, Search: None)
2026-09-23 13:30:22 [INFO] [core.websocket]: Nova conexão WebSocket estabelecida. Total local: 1
2026-09-23 13:30:22 [INFO] [webhooks.leads_modules.listing]: ✅ Encontrados 20 leads de um total de 1502.
2026-09-23 13:30:22 [INFO] [webhooks.leads_modules.listing]: 📊 Buscando leads para webhook 113 na tabela leads (Page: 1, Size: 20, Search: None)
2026-09-23 13:30:22 [INFO] [webhooks.leads_modules.listing]: ✅ Encontrados 20 leads de um total de 1502.
2026-09-23 13:30:22 [INFO] [webhooks.leads_modules.listing]: 📊 Buscando leads para webhook 113 na tabela leads (Page: 1, Size: 20, Search: None)
2026-09-23 13:30:22 [INFO] [webhooks.leads_modules.listing]: ✅ Encontrados 20 leads de um total de 1502.
2026-09-23 13:30:45 [INFO] [webhooks.receiver]: 📩 Webhook: Integração WhatsApp & ZapVoice | De: 5585998259497 | Msg: Quanto custa?... | Account: 11 | Inbox: 11 | Conv: 28018 | Contact: 5585998259497
2026-09-23 13:30:45 [INFO] [core.websocket]: Broadcasting local via WebSocket: new_event
2026-09-23 13:30:45 [INFO] [webhooks.receiver]: ⏳ Agrupando automação para 5585998259497 em 3s (ID: 73196)
2026-09-23 13:30:45 [INFO] [core.websocket]: Broadcasting local via WebSocket: lead_updated
2026-09-23 13:30:46 [INFO] [webhooks.leads_modules.listing]: 📊 Buscando leads para webhook 113 na tabela leads (Page: 1, Size: 20, Search: None)
2026-09-23 13:30:46 [INFO] [webhooks.leads_modules.listing]: ✅ Encontrados 20 leads de um total de 1502.
2026-09-23 13:30:49 [INFO] [core.websocket]: Broadcasting local via WebSocket: status_update
2026-09-23 13:30:49 [INFO] [core.websocket]: Broadcasting local via WebSocket: status_update
2026-09-23 13:30:49 [INFO] [core.websocket]: Broadcasting local via WebSocket: status_update
2026-09-23 13:30:49 [INFO] [core.websocket]: Broadcasting local via WebSocket: status_update
2026-09-23 13:30:52 [INFO] [database.connection]: 🔍 [JANITOR DB] Pool Status -> Size: 25, CheckedOut: 0, Overflow: -19
2026-09-23 13:30:53 [INFO] [core.websocket]: Broadcasting local via WebSocket: status_update
2026-09-23 13:30:53 [INFO] [core.websocket]: Broadcasting local via WebSocket: status_update
2026-09-23 13:30:57 [INFO] [core.websocket]: Broadcasting local via WebSocket: status_update
2026-09-23 13:30:57 [INFO] [core.websocket]: Broadcasting local via WebSocket: status_update
2026-09-23 13:30:57 [INFO] [core.websocket]: Broadcasting local via WebSocket: status_update
2026-09-23 13:30:58 [INFO] [core.websocket]: Broadcasting local via WebSocket: status_update
2026-09-23 13:30:58 [INFO] [core.websocket]: Broadcasting local via WebSocket: status_update
2026-09-23 13:31:15 [INFO] [core.websocket]: Broadcasting local via WebSocket: status_update
2026-09-23 13:31:15 [INFO] [core.websocket]: Broadcasting local via WebSocket: status_update
2026-09-23 13:31:15 [INFO] [core.websocket]: Broadcasting local via WebSocket: status_update
2026-09-23 13:31:15 [INFO] [core.websocket]: Broadcasting local via WebSocket: status_update
2026-09-23 13:31:24 [INFO] [core.websocket]: Broadcasting local via WebSocket: status_update
2026-09-23 13:31:24 [INFO] [core.websocket]: Broadcasting local via WebSocket: status_update
2026-09-23 13:31:30 [INFO] [core.websocket]: Broadcasting local via WebSocket: status_update
2026-09-23 13:31:30 [INFO] [core.websocket]: Broadcasting local via WebSocket: status_update
2026-09-23 13:31:31 [INFO] [core.websocket]: Broadcasting local via WebSocket: status_update
2026-09-23 13:31:37 [INFO] [database.connection]: 🔍 [JANITOR DB] Pool Status -> Size: 25, CheckedOut: 0, Overflow: -19
2026-09-23 13:31:45 [INFO] [core.websocket]: Broadcasting local via WebSocket: status_update
2026-09-23 13:31:45 [INFO] [core.websocket]: Broadcasting local via WebSocket: status_update
2026-09-23 13:31:45 [INFO] [core.websocket]: Broadcasting local via WebSocket: status_update
2026-09-23 13:31:49 [INFO] [core.websocket]: Broadcasting local via WebSocket: status_update
2026-09-23 13:31:49 [INFO] [core.websocket]: Broadcasting local via WebSocket: status_update
2026-09-23 13:31:51 [INFO] [webhooks.receiver]: 📩 Webhook: Integração WhatsApp & ZapVoice | De: 5585998259497 | Msg: O curso Bússola Astrológica cu... | Account: 11 | Inbox: 11 | Conv: 28018 | Contact: 5585998259497
2026-09-23 13:31:51 [INFO] [core.websocket]: Broadcasting local via WebSocket: lead_updated
2026-09-23 13:31:51 [INFO] [webhooks.receiver]: ✅ Mensagem de saída (Atendente) gravada em webhook_events: ID 73197 para 5585998259497
2026-09-23 13:31:51 [INFO] [core.websocket]: Broadcasting local via WebSocket: new_event
2026-09-23 13:31:52 [INFO] [webhooks.receiver]: 💾 [MEMÓRIA RECEBIDA] Mensagem registrada no lead (5585998259497) | Autor: agente | Nome: Aryaraj Fernandes | Texto: 'O curso Bússola Astrológica custa R$ 67,00.'
2026-09-23 13:31:52 [INFO] [core.websocket]: Broadcasting local via WebSocket: lead_updated
2026-09-23 13:31:52 [INFO] [webhooks.receiver]: 🛡️ [HISTÓRICO REGISTRADO] Mensagem/Template do agente armazenado no histórico (5585998259497) com ID 73198 - IA não auto-responderá para evitar loop.
2026-09-23 13:31:53 [INFO] [webhooks.leads_modules.listing]: 📊 Buscando leads para webhook 113 na tabela leads (Page: 1, Size: 20, Search: None)
2026-09-23 13:31:53 [INFO] [webhooks.leads_modules.listing]: ✅ Encontrados 20 leads de um total de 1502.
2026-09-23 13:31:56 [INFO] [webhooks.receiver]: 📩 Webhook: Integração WhatsApp & ZapVoice | De: 5585998259497 | Msg: Formas de pagamento: Pix e car... | Account: 11 | Inbox: 11 | Conv: 28018 | Contact: 5585998259497
2026-09-23 13:31:56 [INFO] [core.websocket]: Broadcasting local via WebSocket: lead_updated
2026-09-23 13:31:56 [INFO] [webhooks.receiver]: 💾 [MEMÓRIA RECEBIDA] Mensagem registrada no lead (5585998259497) | Autor: agente | Nome: Aryaraj Fernandes | Texto: 'Formas de pagamento: Pix e cartão de crédito (acei...'
2026-09-23 13:31:56 [INFO] [core.websocket]: Broadcasting local via WebSocket: lead_updated
2026-09-23 13:31:56 [INFO] [webhooks.receiver]: ✅ Mensagem de saída (Atendente) gravada em webhook_events: ID 73199 para 5585998259497
2026-09-23 13:31:56 [INFO] [core.websocket]: Broadcasting local via WebSocket: new_event
2026-09-23 13:31:56 [INFO] [webhooks.receiver]: 🛡️ [HISTÓRICO REGISTRADO] Mensagem/Template do agente armazenado no histórico (5585998259497) com ID 73200 - IA não auto-responderá para evitar loop.
2026-09-23 13:31:57 [INFO] [webhooks.leads_modules.listing]: 📊 Buscando leads para webhook 113 na tabela leads (Page: 1, Size: 20, Search: None)
2026-09-23 13:31:57 [INFO] [webhooks.leads_modules.listing]: ✅ Encontrados 20 leads de um total de 1502.
2026-09-23 13:31:59 [INFO] [webhooks.receiver]: 📩 Webhook: Integração WhatsApp & ZapVoice | De: 5585998259497 | Msg: Caso queira, posso enviar o li... | Account: 11 | Inbox: 11 | Conv: 28018 | Contact: 5585998259497
2026-09-23 13:31:59 [INFO] [core.websocket]: Broadcasting local via WebSocket: lead_updated
2026-09-23 13:31:59 [INFO] [webhooks.receiver]: ✅ Mensagem de saída (Atendente) gravada em webhook_events: ID 73201 para 5585998259497
2026-09-23 13:31:59 [INFO] [core.websocket]: Broadcasting local via WebSocket: new_event
2026-09-23 13:31:59 [INFO] [webhooks.receiver]: 💾 [MEMÓRIA RECEBIDA] Mensagem registrada no lead (5585998259497) | Autor: agente | Nome: Aryaraj Fernandes | Texto: 'Caso queira, posso enviar o link de inscrição para...'
2026-09-23 13:31:59 [INFO] [core.websocket]: Broadcasting local via WebSocket: lead_updated
2026-09-23 13:31:59 [INFO] [webhooks.receiver]: 🛡️ [HISTÓRICO REGISTRADO] Mensagem/Template do agente armazenado no histórico (5585998259497) com ID 73202 - IA não auto-responderá para evitar loop.
2026-09-23 13:32:00 [INFO] [webhooks.leads_modules.listing]: 📊 Buscando leads para webhook 113 na tabela leads (Page: 1, Size: 20, Search: None)
2026-09-23 13:32:00 [INFO] [webhooks.leads_modules.listing]: ✅ Encontrados 20 leads de um total de 1502.
2026-09-23 13:32:01 [INFO] [core.websocket]: Broadcasting local via WebSocket: status_update
2026-09-23 13:32:01 [INFO] [core.websocket]: Broadcasting local via WebSocket: status_update
2026-09-23 13:32:01 [INFO] [core.websocket]: Broadcasting local via WebSocket: status_update
2026-09-23 13:32:22 [INFO] [database.connection]: 🔍 [JANITOR DB] Pool Status -> Size: 25, CheckedOut: 0, Overflow: -19
2026-09-23 13:33:07 [INFO] [database.connection]: 🔍 [JANITOR DB] Pool Status -> Size: 25, CheckedOut: 0, Overflow: -19
2026-09-23 13:33:52 [INFO] [database.connection]: 🔍 [JANITOR DB] Pool Status -> Size: 25, CheckedOut: 0, Overflow: -19
2026-09-23 13:34:37 [INFO] [database.connection]: 🔍 [JANITOR DB] Pool Status -> Size: 25, CheckedOut: 0, Overflow: -19
2026-09-23 13:35:22 [INFO] [database.connection]: 🔍 [JANITOR DB] Pool Status -> Size: 25, CheckedOut: 0, Overflow: -19
2026-09-23 13:36:07 [INFO] [database.connection]: 🔍 [JANITOR DB] Pool Status -> Size: 25, CheckedOut: 0, Overflow: -19
2026-09-23 13:36:52 [INFO] [database.connection]: 🔍 [JANITOR DB] Pool Status -> Size: 25, CheckedOut: 0, Overflow: -19
2026-09-23 13:37:37 [INFO] [database.connection]: 🔍 [JANITOR DB] Pool Status -> Size: 25, CheckedOut: 0, Overflow: -19
2026-09-23 13:38:22 [INFO] [database.connection]: 🔍 [JANITOR DB] Pool Status -> Size: 25, CheckedOut: 0, Overflow: -19
2026-09-23 13:39:07 [INFO] [database.connection]: 🔍 [JANITOR DB] Pool Status -> Size: 25, CheckedOut: 0, Overflow: -19
2026-09-23 13:39:48 [INFO] [core.logging_setup]: 📁 Log persistente ativo em /app/logs/backend.log
2026-09-23 13:39:52 [INFO] [database.connection]: 🔍 [JANITOR DB] Pool Status -> Size: 25, CheckedOut: 0, Overflow: -19
2026-09-23 13:39:56 [WARNING] [api.main]: ⚠️ session_analysis não encontrado.
2026-09-23 13:40:11 [INFO] [core.websocket]: 📡 Redis conectado (Listener: False)
2026-09-23 13:40:11 [INFO] [core.websocket]: Broadcasting local via WebSocket: lead_updated
2026-09-23 13:40:37 [INFO] [database.connection]: 🔍 [JANITOR DB] Pool Status -> Size: 25, CheckedOut: 0, Overflow: -19
2026-09-23 13:40:56 [INFO] [core.logging_setup]: 📁 Log persistente ativo em /app/logs/backend.log
2026-09-23 13:41:04 [WARNING] [api.main]: ⚠️ session_analysis não encontrado.
2026-09-23 13:41:14 [INFO] [core.websocket]: 📡 Redis conectado (Listener: False)
2026-09-23 13:41:14 [INFO] [core.websocket]: Broadcasting local via WebSocket: lead_updated
2026-09-23 13:41:22 [INFO] [database.connection]: 🔍 [JANITOR DB] Pool Status -> Size: 25, CheckedOut: 0, Overflow: -19
2026-09-23 13:41:36 [INFO] [core.websocket]: Conexão WebSocket encerrada. Total local: 0
2026-09-23 13:41:36 [INFO] [api.main]: 🛑 API Modular encerrando...
2026-09-23 13:41:38 [INFO] [core.logging_setup]: 📁 Log persistente ativo em /app/logs/backend.log
2026-09-23 13:41:39 [INFO] [database.sync]: ✨ Banco de dados 'ai_agent_db' já existe.
2026-09-23 13:41:39 [INFO] [database.sync]: 🔍 Iniciando auto-sincronização de schema...
2026-09-23 13:41:39 [INFO] [database.sync]: Checking table: agent_tools
2026-09-23 13:41:39 [INFO] [database.sync]: Checking table: agent_knowledge_bases
2026-09-23 13:41:39 [INFO] [database.sync]: Checking table: interaction_logs
2026-09-23 13:41:39 [INFO] [database.sync]: Checking table: session_summaries
2026-09-23 13:41:39 [INFO] [database.sync]: Checking table: knowledge_bases
2026-09-23 13:41:39 [INFO] [database.sync]: Checking table: knowledge_items
2026-09-23 13:41:39 [INFO] [database.sync]: Checking table: agent_config
2026-09-23 13:41:39 [INFO] [database.sync]: Checking table: tools
2026-09-23 13:41:39 [INFO] [database.sync]: Checking table: prompt_drafts
2026-09-23 13:41:39 [INFO] [database.sync]: Checking table: user_memory
2026-09-23 13:41:39 [INFO] [database.sync]: Checking table: feedback_logs
2026-09-23 13:41:39 [INFO] [database.sync]: Checking table: google_tokens
2026-09-23 13:41:39 [INFO] [database.sync]: Checking table: global_context_variables
2026-09-23 13:41:39 [INFO] [database.sync]: Checking table: users
2026-09-23 13:41:39 [INFO] [database.sync]: Checking table: user_invites
2026-09-23 13:41:39 [INFO] [database.sync]: Checking table: unanswered_questions
2026-09-23 13:41:39 [INFO] [database.sync]: Checking table: support_requests
2026-09-23 13:41:39 [INFO] [database.sync]: Checking table: webhook_configs
2026-09-23 13:41:39 [INFO] [database.sync]: Checking table: webhook_events
2026-09-23 13:41:39 [INFO] [database.sync]: Checking table: transcription_folders
2026-09-23 13:41:39 [INFO] [database.sync]: Checking table: transcription_tasks
2026-09-23 13:41:39 [INFO] [database.sync]: Checking table: scheduled_triggers
2026-09-23 13:41:39 [INFO] [database.sync]: Checking table: message_status
2026-09-23 13:41:39 [INFO] [database.sync]: Checking table: user_question_embeddings
2026-09-23 13:41:39 [INFO] [database.sync]: Checking table: objection_clusters
2026-09-23 13:41:39 [INFO] [database.sync]: Checking table: objection_cluster_messages
2026-09-23 13:41:39 [INFO] [database.sync]: Checking table: backup_configs
2026-09-23 13:41:39 [INFO] [database.sync]: Checking table: backup_history
2026-09-23 13:41:39 [INFO] [database.sync]: Checking table: sales
2026-09-23 13:41:39 [INFO] [database.sync]: Checking table: calendar_events
2026-09-23 13:41:39 [INFO] [database.sync]: Checking table: testimonial_categories
2026-09-23 13:41:39 [INFO] [database.sync]: Checking table: testimonials
2026-09-23 13:41:39 [INFO] [database.sync]: Checking table: sent_testimonials
2026-09-23 13:41:39 [INFO] [database.sync]: Checking table: leads
2026-09-23 13:41:39 [INFO] [database.sync]: Checking table: semantic_caches
2026-09-23 13:41:39 [INFO] [database.sync]: Checking table: question_funnels
2026-09-23 13:41:39 [INFO] [database.sync]: ✅ Sincronização de schema concluída.
2026-09-23 13:41:39 [INFO] [database]: ✅ Inicialização do banco de dados concluída com sucesso!
2026-09-23 13:41:40 [INFO] [core.logging_setup]: 📁 Log persistente ativo em /app/logs/backend.log
